instrument_token,exchange_token,tradingsymbol,name,last_price,expiry,strike,tick_size,lot_size,instrument_type,segment,exchange
17072898,66691,NIFTY26APRFUT,NIFTY,0,28/04/26,0,0.1,65,FUT,NFO-FUT,NFO
17072130,66688,BANKNIFTY26APRFUT,BANKNIFTY,0,28/04/26,0,0.2,30,FUT,NFO-FUT,NFO
17073410,66693,360ONE26APRFUT,360ONE,0,28/04/26,0,0.1,500,FUT,NFO-FUT,NFO
17073666,66694,ABB26APRFUT,ABB,0,28/04/26,0,0.5,125,FUT,NFO-FUT,NFO
17073922,66695,ABCAPITAL26APRFUT,ABCAPITAL,0,28/04/26,0,0.05,3100,FUT,NFO-FUT,NFO
17074178,66696,ADANIENSOL26APRFUT,ADANIENSOL,0,28/04/26,0,0.1,675,FUT,NFO-FUT,NFO
17075970,66703,ADANIENT26APRFUT,ADANIENT,0,28/04/26,0,0.1,309,FUT,NFO-FUT,NFO
17076226,66704,ADANIGREEN26APRFUT,ADANIGREEN,0,28/04/26,0,0.05,600,FUT,NFO-FUT,NFO
17076482,66705,ADANIPORTS26APRFUT,ADANIPORTS,0,28/04/26,0,0.1,475,FUT,NFO-FUT,NFO
17076738,66706,ALKEM26APRFUT,ALKEM,0,28/04/26,0,0.5,125,FUT,NFO-FUT,NFO
17076994,66707,AMBER26APRFUT,AMBER,0,28/04/26,0,0.5,100,FUT,NFO-FUT,NFO
17077250,66708,AMBUJACEM26APRFUT,AMBUJACEM,0,28/04/26,0,0.05,1050,FUT,NFO-FUT,NFO
17077506,66709,ANGELONE26APRFUT,ANGELONE,0,28/04/26,0,0.01,2500,FUT,NFO-FUT,NFO
17077762,66710,APLAPOLLO26APRFUT,APLAPOLLO,0,28/04/26,0,0.1,350,FUT,NFO-FUT,NFO
17078018,66711,APOLLOHOSP26APRFUT,APOLLOHOSP,0,28/04/26,0,0.5,125,FUT,NFO-FUT,NFO
17078274,66712,ASHOKLEY26APRFUT,ASHOKLEY,0,28/04/26,0,0.01,5000,FUT,NFO-FUT,NFO
17078530,66713,ASIANPAINT26APRFUT,ASIANPAINT,0,28/04/26,0,0.1,250,FUT,NFO-FUT,NFO
17078786,66714,ASTRAL26APRFUT,ASTRAL,0,28/04/26,0,0.1,425,FUT,NFO-FUT,NFO
17079042,66715,AUBANK26APRFUT,AUBANK,0,28/04/26,0,0.05,1000,FUT,NFO-FUT,NFO
17079298,66716,AUROPHARMA26APRFUT,AUROPHARMA,0,28/04/26,0,0.1,550,FUT,NFO-FUT,NFO
17079554,66717,AXISBANK26APRFUT,AXISBANK,0,28/04/26,0,0.1,625,FUT,NFO-FUT,NFO
17079810,66718,BAJAJ-AUTO26APRFUT,BAJAJ-AUTO,0,28/04/26,0,0.5,75,FUT,NFO-FUT,NFO
17080066,66719,BAJAJFINSV26APRFUT,BAJAJFINSV,0,28/04/26,0,0.1,250,FUT,NFO-FUT,NFO
17080322,66720,BAJAJHLDNG26APRFUT,BAJAJHLDNG,0,28/04/26,0,1,50,FUT,NFO-FUT,NFO
17080578,66721,BAJFINANCE26APRFUT,BAJFINANCE,0,28/04/26,0,0.05,750,FUT,NFO-FUT,NFO
17080834,66722,BANDHANBNK26APRFUT,BANDHANBNK,0,28/04/26,0,0.01,3600,FUT,NFO-FUT,NFO
17081090,66723,BANKBARODA26APRFUT,BANKBARODA,0,28/04/26,0,0.05,2925,FUT,NFO-FUT,NFO
17081346,66724,BANKINDIA26APRFUT,BANKINDIA,0,28/04/26,0,0.01,5200,FUT,NFO-FUT,NFO
17081602,66725,BDL26APRFUT,BDL,0,28/04/26,0,0.1,350,FUT,NFO-FUT,NFO
17081858,66726,BEL26APRFUT,BEL,0,28/04/26,0,0.05,1425,FUT,NFO-FUT,NFO
17082114,66727,BHARATFORG26APRFUT,BHARATFORG,0,28/04/26,0,0.1,500,FUT,NFO-FUT,NFO
17082370,66728,BHARTIARTL26APRFUT,BHARTIARTL,0,28/04/26,0,0.1,475,FUT,NFO-FUT,NFO
17082626,66729,BHEL26APRFUT,BHEL,0,28/04/26,0,0.05,2625,FUT,NFO-FUT,NFO
17082882,66730,BIOCON26APRFUT,BIOCON,0,28/04/26,0,0.05,2500,FUT,NFO-FUT,NFO
17083138,66731,BLUESTARCO26APRFUT,BLUESTARCO,0,28/04/26,0,0.1,325,FUT,NFO-FUT,NFO
17083394,66732,BOSCHLTD26APRFUT,BOSCHLTD,0,28/04/26,0,5,25,FUT,NFO-FUT,NFO
17083650,66733,BPCL26APRFUT,BPCL,0,28/04/26,0,0.05,1975,FUT,NFO-FUT,NFO
17083906,66734,BRITANNIA26APRFUT,BRITANNIA,0,28/04/26,0,0.5,125,FUT,NFO-FUT,NFO
17084162,66735,BSE26APRFUT,BSE,0,28/04/26,0,0.1,375,FUT,NFO-FUT,NFO
17084418,66736,CAMS26APRFUT,CAMS,0,28/04/26,0,0.05,750,FUT,NFO-FUT,NFO
17084674,66737,CANBK26APRFUT,CANBK,0,28/04/26,0,0.01,6750,FUT,NFO-FUT,NFO
17088258,66751,CDSL26APRFUT,CDSL,0,28/04/26,0,0.1,475,FUT,NFO-FUT,NFO
17088514,66752,CGPOWER26APRFUT,CGPOWER,0,28/04/26,0,0.05,850,FUT,NFO-FUT,NFO
17088770,66753,CHOLAFIN26APRFUT,CHOLAFIN,0,28/04/26,0,0.1,625,FUT,NFO-FUT,NFO
17094658,66776,CIPLA26APRFUT,CIPLA,0,28/04/26,0,0.1,375,FUT,NFO-FUT,NFO
17094914,66777,COALINDIA26APRFUT,COALINDIA,0,28/04/26,0,0.05,1350,FUT,NFO-FUT,NFO
17095170,66778,COFORGE26APRFUT,COFORGE,0,28/04/26,0,0.1,375,FUT,NFO-FUT,NFO
17095426,66779,COLPAL26APRFUT,COLPAL,0,28/04/26,0,0.1,225,FUT,NFO-FUT,NFO
17095682,66780,CONCOR26APRFUT,CONCOR,0,28/04/26,0,0.05,1250,FUT,NFO-FUT,NFO
17095938,66781,CROMPTON26APRFUT,CROMPTON,0,28/04/26,0,0.05,1800,FUT,NFO-FUT,NFO
17096706,66784,CUMMINSIND26APRFUT,CUMMINSIND,0,28/04/26,0,0.1,200,FUT,NFO-FUT,NFO
17096962,66785,DABUR26APRFUT,DABUR,0,28/04/26,0,0.05,1250,FUT,NFO-FUT,NFO
17097218,66786,DALBHARAT26APRFUT,DALBHARAT,0,28/04/26,0,0.1,325,FUT,NFO-FUT,NFO
17097474,66787,DELHIVERY26APRFUT,DELHIVERY,0,28/04/26,0,0.05,2075,FUT,NFO-FUT,NFO
17097730,66788,DIVISLAB26APRFUT,DIVISLAB,0,28/04/26,0,0.5,100,FUT,NFO-FUT,NFO
17105666,66819,DIXON26APRFUT,DIXON,0,28/04/26,0,1,50,FUT,NFO-FUT,NFO
17105922,66820,DLF26APRFUT,DLF,0,28/04/26,0,0.05,825,FUT,NFO-FUT,NFO
17106178,66821,DMART26APRFUT,DMART,0,28/04/26,0,0.1,150,FUT,NFO-FUT,NFO
17106434,66822,DRREDDY26APRFUT,DRREDDY,0,28/04/26,0,0.1,625,FUT,NFO-FUT,NFO
17106690,66823,EICHERMOT26APRFUT,EICHERMOT,0,28/04/26,0,0.5,100,FUT,NFO-FUT,NFO
17106946,66824,ETERNAL26APRFUT,ETERNAL,0,28/04/26,0,0.01,2425,FUT,NFO-FUT,NFO
17107202,66825,EXIDEIND26APRFUT,EXIDEIND,0,28/04/26,0,0.05,1800,FUT,NFO-FUT,NFO
17107458,66826,FEDERALBNK26APRFUT,FEDERALBNK,0,28/04/26,0,0.05,5000,FUT,NFO-FUT,NFO
17072386,66689,FINNIFTY26APRFUT,FINNIFTY,0,28/04/26,0,0.1,60,FUT,NFO-FUT,NFO
17107714,66827,FORTIS26APRFUT,FORTIS,0,28/04/26,0,0.05,775,FUT,NFO-FUT,NFO
17109762,66835,GAIL26APRFUT,GAIL,0,28/04/26,0,0.01,3150,FUT,NFO-FUT,NFO
17110018,66836,GLENMARK26APRFUT,GLENMARK,0,28/04/26,0,0.1,375,FUT,NFO-FUT,NFO
17110530,66838,GMRAIRPORT26APRFUT,GMRAIRPORT,0,28/04/26,0,0.01,6975,FUT,NFO-FUT,NFO
17110786,66839,GODREJCP26APRFUT,GODREJCP,0,28/04/26,0,0.1,500,FUT,NFO-FUT,NFO
17111042,66840,GODREJPROP26APRFUT,GODREJPROP,0,28/04/26,0,0.1,275,FUT,NFO-FUT,NFO
17111298,66841,GRASIM26APRFUT,GRASIM,0,28/04/26,0,0.1,250,FUT,NFO-FUT,NFO
17111554,66842,HAL26APRFUT,HAL,0,28/04/26,0,0.1,150,FUT,NFO-FUT,NFO
17111810,66843,HAVELLS26APRFUT,HAVELLS,0,28/04/26,0,0.1,500,FUT,NFO-FUT,NFO
17112066,66844,HCLTECH26APRFUT,HCLTECH,0,28/04/26,0,0.1,350,FUT,NFO-FUT,NFO
17112322,66845,HDFCAMC26APRFUT,HDFCAMC,0,28/04/26,0,0.1,300,FUT,NFO-FUT,NFO
17112578,66846,HDFCBANK26APRFUT,HDFCBANK,0,28/04/26,0,0.05,550,FUT,NFO-FUT,NFO
17112834,66847,HDFCLIFE26APRFUT,HDFCLIFE,0,28/04/26,0,0.05,1100,FUT,NFO-FUT,NFO
17113090,66848,HEROMOTOCO26APRFUT,HEROMOTOCO,0,28/04/26,0,0.5,150,FUT,NFO-FUT,NFO
17113346,66849,HINDALCO26APRFUT,HINDALCO,0,28/04/26,0,0.05,700,FUT,NFO-FUT,NFO
17113602,66850,HINDPETRO26APRFUT,HINDPETRO,0,28/04/26,0,0.05,2025,FUT,NFO-FUT,NFO
17113858,66851,HINDUNILVR26APRFUT,HINDUNILVR,0,28/04/26,0,0.1,300,FUT,NFO-FUT,NFO
17114114,66852,HINDZINC26APRFUT,HINDZINC,0,28/04/26,0,0.05,1225,FUT,NFO-FUT,NFO
17114370,66853,HUDCO26APRFUT,HUDCO,0,28/04/26,0,0.01,2775,FUT,NFO-FUT,NFO
17114626,66854,ICICIBANK26APRFUT,ICICIBANK,0,28/04/26,0,0.1,700,FUT,NFO-FUT,NFO
17114882,66855,ICICIGI26APRFUT,ICICIGI,0,28/04/26,0,0.1,325,FUT,NFO-FUT,NFO
17115138,66856,ICICIPRULI26APRFUT,ICICIPRULI,0,28/04/26,0,0.05,925,FUT,NFO-FUT,NFO
17115394,66857,IDEA26APRFUT,IDEA,0,28/04/26,0,0.01,71475,FUT,NFO-FUT,NFO
17115650,66858,IDFCFIRSTB26APRFUT,IDFCFIRSTB,0,28/04/26,0,0.01,9275,FUT,NFO-FUT,NFO
17115906,66859,IEX26APRFUT,IEX,0,28/04/26,0,0.01,3750,FUT,NFO-FUT,NFO
17116162,66860,INDHOTEL26APRFUT,INDHOTEL,0,28/04/26,0,0.05,1000,FUT,NFO-FUT,NFO
17116418,66861,INDIANB26APRFUT,INDIANB,0,28/04/26,0,0.05,1000,FUT,NFO-FUT,NFO
17116674,66862,INDIGO26APRFUT,INDIGO,0,28/04/26,0,0.1,150,FUT,NFO-FUT,NFO
17116930,66863,INDUSINDBK26APRFUT,INDUSINDBK,0,28/04/26,0,0.05,700,FUT,NFO-FUT,NFO
17117186,66864,INDUSTOWER26APRFUT,INDUSTOWER,0,28/04/26,0,0.05,1700,FUT,NFO-FUT,NFO
17117442,66865,INFY26APRFUT,INFY,0,28/04/26,0,0.1,400,FUT,NFO-FUT,NFO
17117698,66866,INOXWIND26APRFUT,INOXWIND,0,28/04/26,0,0.01,3575,FUT,NFO-FUT,NFO
17117954,66867,IOC26APRFUT,IOC,0,28/04/26,0,0.01,4875,FUT,NFO-FUT,NFO
17118210,66868,IREDA26APRFUT,IREDA,0,28/04/26,0,0.01,3450,FUT,NFO-FUT,NFO
17118466,66869,IRFC26APRFUT,IRFC,0,28/04/26,0,0.01,4250,FUT,NFO-FUT,NFO
17118722,66870,ITC26APRFUT,ITC,0,28/04/26,0,0.05,1600,FUT,NFO-FUT,NFO
17118978,66871,JINDALSTEL26APRFUT,JINDALSTEL,0,28/04/26,0,0.1,625,FUT,NFO-FUT,NFO
17119234,66872,JIOFIN26APRFUT,JIOFIN,0,28/04/26,0,0.05,2350,FUT,NFO-FUT,NFO
17119490,66873,JSWENERGY26APRFUT,JSWENERGY,0,28/04/26,0,0.05,1000,FUT,NFO-FUT,NFO
17119746,66874,JSWSTEEL26APRFUT,JSWSTEEL,0,28/04/26,0,0.1,675,FUT,NFO-FUT,NFO
17120002,66875,JUBLFOOD26APRFUT,JUBLFOOD,0,28/04/26,0,0.05,1250,FUT,NFO-FUT,NFO
17120258,66876,KALYANKJIL26APRFUT,KALYANKJIL,0,28/04/26,0,0.05,1175,FUT,NFO-FUT,NFO
17120514,66877,KAYNES26APRFUT,KAYNES,0,28/04/26,0,0.1,100,FUT,NFO-FUT,NFO
17120770,66878,KEI26APRFUT,KEI,0,28/04/26,0,0.5,175,FUT,NFO-FUT,NFO
17121026,66879,KFINTECH26APRFUT,KFINTECH,0,28/04/26,0,0.05,500,FUT,NFO-FUT,NFO
17121282,66880,KOTAKBANK26APRFUT,KOTAKBANK,0,28/04/26,0,0.05,2000,FUT,NFO-FUT,NFO
17121538,66881,KPITTECH26APRFUT,KPITTECH,0,28/04/26,0,0.05,425,FUT,NFO-FUT,NFO
17121794,66882,LAURUSLABS26APRFUT,LAURUSLABS,0,28/04/26,0,0.1,850,FUT,NFO-FUT,NFO
17122050,66883,LICHSGFIN26APRFUT,LICHSGFIN,0,28/04/26,0,0.05,1000,FUT,NFO-FUT,NFO
17122306,66884,LICI26APRFUT,LICI,0,28/04/26,0,0.05,700,FUT,NFO-FUT,NFO
17122562,66885,LODHA26APRFUT,LODHA,0,28/04/26,0,0.05,450,FUT,NFO-FUT,NFO
17122818,66886,LT26APRFUT,LT,0,28/04/26,0,0.1,175,FUT,NFO-FUT,NFO
17123074,66887,LTF26APRFUT,LTF,0,28/04/26,0,0.05,2250,FUT,NFO-FUT,NFO
17123330,66888,LTM26APRFUT,LTM,0,28/04/26,0,0.1,150,FUT,NFO-FUT,NFO
17123586,66889,LUPIN26APRFUT,LUPIN,0,28/04/26,0,0.1,425,FUT,NFO-FUT,NFO
17123842,66890,M&M26APRFUT,M&M,0,28/04/26,0,0.1,200,FUT,NFO-FUT,NFO
17124098,66891,MANAPPURAM26APRFUT,MANAPPURAM,0,28/04/26,0,0.05,3000,FUT,NFO-FUT,NFO
17124354,66892,MANKIND26APRFUT,MANKIND,0,28/04/26,0,0.1,225,FUT,NFO-FUT,NFO
17125378,66896,MARICO26APRFUT,MARICO,0,28/04/26,0,0.05,1200,FUT,NFO-FUT,NFO
17125634,66897,MARUTI26APRFUT,MARUTI,0,28/04/26,0,1,50,FUT,NFO-FUT,NFO
17125890,66898,MAXHEALTH26APRFUT,MAXHEALTH,0,28/04/26,0,0.1,525,FUT,NFO-FUT,NFO
17126146,66899,MAZDOCK26APRFUT,MAZDOCK,0,28/04/26,0,0.1,200,FUT,NFO-FUT,NFO
17126402,66900,MCX26APRFUT,MCX,0,28/04/26,0,0.1,625,FUT,NFO-FUT,NFO
17126658,66901,MFSL26APRFUT,MFSL,0,28/04/26,0,0.1,400,FUT,NFO-FUT,NFO
17072642,66690,MIDCPNIFTY26APRFUT,MIDCPNIFTY,0,28/04/26,0,0.05,120,FUT,NFO-FUT,NFO
17126914,66902,MOTHERSON26APRFUT,MOTHERSON,0,28/04/26,0,0.01,6150,FUT,NFO-FUT,NFO
17127170,66903,MPHASIS26APRFUT,MPHASIS,0,28/04/26,0,0.1,275,FUT,NFO-FUT,NFO
17127426,66904,MUTHOOTFIN26APRFUT,MUTHOOTFIN,0,28/04/26,0,0.1,275,FUT,NFO-FUT,NFO
17127682,66905,NATIONALUM26APRFUT,NATIONALUM,0,28/04/26,0,0.05,3750,FUT,NFO-FUT,NFO
17127938,66906,NAUKRI26APRFUT,NAUKRI,0,28/04/26,0,0.1,375,FUT,NFO-FUT,NFO
17128194,66907,NBCC26APRFUT,NBCC,0,28/04/26,0,0.01,6500,FUT,NFO-FUT,NFO
17128450,66908,NESTLEIND26APRFUT,NESTLEIND,0,28/04/26,0,0.1,500,FUT,NFO-FUT,NFO
17128706,66909,NHPC26APRFUT,NHPC,0,28/04/26,0,0.01,6400,FUT,NFO-FUT,NFO
17073154,66692,NIFTYNXT5026APRFUT,NIFTYNXT50,0,28/04/26,0,0.2,25,FUT,NFO-FUT,NFO
17138434,66947,NMDC26APRFUT,NMDC,0,28/04/26,0,0.01,6750,FUT,NFO-FUT,NFO
17138946,66949,NTPC26APRFUT,NTPC,0,28/04/26,0,0.05,1500,FUT,NFO-FUT,NFO
17139202,66950,NUVAMA26APRFUT,NUVAMA,0,28/04/26,0,0.1,500,FUT,NFO-FUT,NFO
17139970,66953,NYKAA26APRFUT,NYKAA,0,28/04/26,0,0.05,3125,FUT,NFO-FUT,NFO
17140226,66954,OBEROIRLTY26APRFUT,OBEROIRLTY,0,28/04/26,0,0.1,350,FUT,NFO-FUT,NFO
17140482,66955,OFSS26APRFUT,OFSS,0,28/04/26,0,0.5,75,FUT,NFO-FUT,NFO
17141506,66959,OIL26APRFUT,OIL,0,28/04/26,0,0.05,1400,FUT,NFO-FUT,NFO
17141762,66960,ONGC26APRFUT,ONGC,0,28/04/26,0,0.05,2250,FUT,NFO-FUT,NFO
17142018,66961,PAGEIND26APRFUT,PAGEIND,0,28/04/26,0,5,15,FUT,NFO-FUT,NFO
17142274,66962,PATANJALI26APRFUT,PATANJALI,0,28/04/26,0,0.05,900,FUT,NFO-FUT,NFO
17142530,66963,PAYTM26APRFUT,PAYTM,0,28/04/26,0,0.1,725,FUT,NFO-FUT,NFO
17142786,66964,PERSISTENT26APRFUT,PERSISTENT,0,28/04/26,0,0.1,100,FUT,NFO-FUT,NFO
17143042,66965,PETRONET26APRFUT,PETRONET,0,28/04/26,0,0.05,1900,FUT,NFO-FUT,NFO
17143298,66966,PFC26APRFUT,PFC,0,28/04/26,0,0.05,1300,FUT,NFO-FUT,NFO
17143554,66967,PGEL26APRFUT,PGEL,0,28/04/26,0,0.05,950,FUT,NFO-FUT,NFO
17143810,66968,PHOENIXLTD26APRFUT,PHOENIXLTD,0,28/04/26,0,0.1,350,FUT,NFO-FUT,NFO
17144066,66969,PIDILITIND26APRFUT,PIDILITIND,0,28/04/26,0,0.1,500,FUT,NFO-FUT,NFO
17144322,66970,PIIND26APRFUT,PIIND,0,28/04/26,0,0.1,175,FUT,NFO-FUT,NFO
17147650,66983,PNB26APRFUT,PNB,0,28/04/26,0,0.01,8000,FUT,NFO-FUT,NFO
17147906,66984,PNBHOUSING26APRFUT,PNBHOUSING,0,28/04/26,0,0.05,650,FUT,NFO-FUT,NFO
17148162,66985,POLICYBZR26APRFUT,POLICYBZR,0,28/04/26,0,0.1,350,FUT,NFO-FUT,NFO
17148418,66986,POLYCAB26APRFUT,POLYCAB,0,28/04/26,0,0.5,125,FUT,NFO-FUT,NFO
17148674,66987,POWERGRID26APRFUT,POWERGRID,0,28/04/26,0,0.05,1900,FUT,NFO-FUT,NFO
17148930,66988,POWERINDIA26APRFUT,POWERINDIA,0,28/04/26,0,5,50,FUT,NFO-FUT,NFO
17151490,66998,PPLPHARMA26APRFUT,PPLPHARMA,0,28/04/26,0,0.01,2625,FUT,NFO-FUT,NFO
17151746,66999,PREMIERENE26APRFUT,PREMIERENE,0,28/04/26,0,0.05,575,FUT,NFO-FUT,NFO
17152002,67000,PRESTIGE26APRFUT,PRESTIGE,0,28/04/26,0,0.1,450,FUT,NFO-FUT,NFO
17152258,67001,RBLBANK26APRFUT,RBLBANK,0,28/04/26,0,0.05,3175,FUT,NFO-FUT,NFO
17152514,67002,RECLTD26APRFUT,RECLTD,0,28/04/26,0,0.05,1400,FUT,NFO-FUT,NFO
17152770,67003,RELIANCE26APRFUT,RELIANCE,0,28/04/26,0,0.1,500,FUT,NFO-FUT,NFO
17153026,67004,RVNL26APRFUT,RVNL,0,28/04/26,0,0.05,1525,FUT,NFO-FUT,NFO
17153282,67005,SAIL26APRFUT,SAIL,0,28/04/26,0,0.01,4700,FUT,NFO-FUT,NFO
17153538,67006,SAMMAANCAP26APRFUT,SAMMAANCAP,0,28/04/26,0,0.01,4300,FUT,NFO-FUT,NFO
17153794,67007,SBICARD26APRFUT,SBICARD,0,28/04/26,0,0.05,800,FUT,NFO-FUT,NFO
17154050,67008,SBILIFE26APRFUT,SBILIFE,0,28/04/26,0,0.1,375,FUT,NFO-FUT,NFO
17154306,67009,SBIN26APRFUT,SBIN,0,28/04/26,0,0.1,750,FUT,NFO-FUT,NFO
17154562,67010,SHREECEM26APRFUT,SHREECEM,0,28/04/26,0,5,25,FUT,NFO-FUT,NFO
17154818,67011,SHRIRAMFIN26APRFUT,SHRIRAMFIN,0,28/04/26,0,0.1,825,FUT,NFO-FUT,NFO
17155074,67012,SIEMENS26APRFUT,SIEMENS,0,28/04/26,0,0.1,175,FUT,NFO-FUT,NFO
17155330,67013,SOLARINDS26APRFUT,SOLARINDS,0,28/04/26,0,1,50,FUT,NFO-FUT,NFO
17155586,67014,SONACOMS26APRFUT,SONACOMS,0,28/04/26,0,0.05,1225,FUT,NFO-FUT,NFO
17155842,67015,SRF26APRFUT,SRF,0,28/04/26,0,0.1,200,FUT,NFO-FUT,NFO
17156098,67016,SUNPHARMA26APRFUT,SUNPHARMA,0,28/04/26,0,0.1,350,FUT,NFO-FUT,NFO
17156354,67017,SUPREMEIND26APRFUT,SUPREMEIND,0,28/04/26,0,0.1,175,FUT,NFO-FUT,NFO
17156610,67018,SUZLON26APRFUT,SUZLON,0,28/04/26,0,0.01,9025,FUT,NFO-FUT,NFO
17156866,67019,SWIGGY26APRFUT,SWIGGY,0,28/04/26,0,0.05,1300,FUT,NFO-FUT,NFO
17157122,67020,TATACONSUM26APRFUT,TATACONSUM,0,28/04/26,0,0.1,550,FUT,NFO-FUT,NFO
17157378,67021,TATAELXSI26APRFUT,TATAELXSI,0,28/04/26,0,0.1,100,FUT,NFO-FUT,NFO
17157634,67022,TATAPOWER26APRFUT,TATAPOWER,0,28/04/26,0,0.05,1450,FUT,NFO-FUT,NFO
17157890,67023,TATASTEEL26APRFUT,TATASTEEL,0,28/04/26,0,0.01,5500,FUT,NFO-FUT,NFO
17158146,67024,TATATECH26APRFUT,TATATECH,0,28/04/26,0,0.05,800,FUT,NFO-FUT,NFO
17158402,67025,TCS26APRFUT,TCS,0,28/04/26,0,0.1,175,FUT,NFO-FUT,NFO
17158658,67026,TECHM26APRFUT,TECHM,0,28/04/26,0,0.1,600,FUT,NFO-FUT,NFO
17158914,67027,TIINDIA26APRFUT,TIINDIA,0,28/04/26,0,0.1,200,FUT,NFO-FUT,NFO
17159170,67028,TITAN26APRFUT,TITAN,0,28/04/26,0,0.1,175,FUT,NFO-FUT,NFO
17159426,67029,TMPV26APRFUT,TMPV,0,28/04/26,0,0.05,800,FUT,NFO-FUT,NFO
17159682,67030,TORNTPHARM26APRFUT,TORNTPHARM,0,28/04/26,0,0.1,250,FUT,NFO-FUT,NFO
17159938,67031,TORNTPOWER26APRFUT,TORNTPOWER,0,28/04/26,0,0.1,425,FUT,NFO-FUT,NFO
17160194,67032,TRENT26APRFUT,TRENT,0,28/04/26,0,0.1,100,FUT,NFO-FUT,NFO
17160450,67033,TVSMOTOR26APRFUT,TVSMOTOR,0,28/04/26,0,0.1,175,FUT,NFO-FUT,NFO
17160706,67034,ULTRACEMCO26APRFUT,ULTRACEMCO,0,28/04/26,0,1,50,FUT,NFO-FUT,NFO
17160962,67035,UNIONBANK26APRFUT,UNIONBANK,0,28/04/26,0,0.01,4425,FUT,NFO-FUT,NFO
17161218,67036,UNITDSPR26APRFUT,UNITDSPR,0,28/04/26,0,0.1,400,FUT,NFO-FUT,NFO
17161474,67037,UNOMINDA26APRFUT,UNOMINDA,0,28/04/26,0,0.1,550,FUT,NFO-FUT,NFO
17161730,67038,UPL26APRFUT,UPL,0,28/04/26,0,0.05,1355,FUT,NFO-FUT,NFO
17161986,67039,VBL26APRFUT,VBL,0,28/04/26,0,0.05,1125,FUT,NFO-FUT,NFO
17162242,67040,VEDL26APRFUT,VEDL,0,28/04/26,0,0.05,1150,FUT,NFO-FUT,NFO
17162498,67041,VOLTAS26APRFUT,VOLTAS,0,28/04/26,0,0.1,375,FUT,NFO-FUT,NFO
17162754,67042,WAAREEENER26APRFUT,WAAREEENER,0,28/04/26,0,0.1,175,FUT,NFO-FUT,NFO
17163010,67043,WIPRO26APRFUT,WIPRO,0,28/04/26,0,0.01,3000,FUT,NFO-FUT,NFO
17163266,67044,YESBANK26APRFUT,YESBANK,0,28/04/26,0,0.01,31100,FUT,NFO-FUT,NFO
17163522,67045,ZYDUSLIFE26APRFUT,ZYDUSLIFE,0,28/04/26,0,0.05,900,FUT,NFO-FUT,NFO
10437634,40772,NIFTY2640723000CE,NIFTY,0,07/04/26,23000,0.05,65,CE,NFO-OPT,NFO
10437890,40773,NIFTY2640723000PE,NIFTY,0,07/04/26,23000,0.05,65,PE,NFO-OPT,NFO
10438146,40774,NIFTY2640723050CE,NIFTY,0,07/04/26,23050,0.05,65,CE,NFO-OPT,NFO
10438402,40775,NIFTY2640723050PE,NIFTY,0,07/04/26,23050,0.05,65,PE,NFO-OPT,NFO
10437122,40770,NIFTY2640722950CE,NIFTY,0,07/04/26,22950,0.05,65,CE,NFO-OPT,NFO
10437378,40771,NIFTY2640722950PE,NIFTY,0,07/04/26,22950,0.05,65,PE,NFO-OPT,NFO
10438658,40776,NIFTY2640723100CE,NIFTY,0,07/04/26,23100,0.05,65,CE,NFO-OPT,NFO
10438914,40777,NIFTY2640723100PE,NIFTY,0,07/04/26,23100,0.05,65,PE,NFO-OPT,NFO
10434818,40761,NIFTY2640722900CE,NIFTY,0,07/04/26,22900,0.05,65,CE,NFO-OPT,NFO
10436866,40769,NIFTY2640722900PE,NIFTY,0,07/04/26,22900,0.05,65,PE,NFO-OPT,NFO
10439170,40778,NIFTY2640723150CE,NIFTY,0,07/04/26,23150,0.05,65,CE,NFO-OPT,NFO
10439426,40779,NIFTY2640723150PE,NIFTY,0,07/04/26,23150,0.05,65,PE,NFO-OPT,NFO
10433026,40754,NIFTY2640722850CE,NIFTY,0,07/04/26,22850,0.05,65,CE,NFO-OPT,NFO
10434562,40760,NIFTY2640722850PE,NIFTY,0,07/04/26,22850,0.05,65,PE,NFO-OPT,NFO
10439938,40781,NIFTY2640723200CE,NIFTY,0,07/04/26,23200,0.05,65,CE,NFO-OPT,NFO
10440194,40782,NIFTY2640723200PE,NIFTY,0,07/04/26,23200,0.05,65,PE,NFO-OPT,NFO
10432514,40752,NIFTY2640722800CE,NIFTY,0,07/04/26,22800,0.05,65,CE,NFO-OPT,NFO
10432770,40753,NIFTY2640722800PE,NIFTY,0,07/04/26,22800,0.05,65,PE,NFO-OPT,NFO
10440450,40783,NIFTY2640723250CE,NIFTY,0,07/04/26,23250,0.05,65,CE,NFO-OPT,NFO
10440706,40784,NIFTY2640723250PE,NIFTY,0,07/04/26,23250,0.05,65,PE,NFO-OPT,NFO
10431234,40747,NIFTY2640722750CE,NIFTY,0,07/04/26,22750,0.05,65,CE,NFO-OPT,NFO
10432258,40751,NIFTY2640722750PE,NIFTY,0,07/04/26,22750,0.05,65,PE,NFO-OPT,NFO
10440962,40785,NIFTY2640723300CE,NIFTY,0,07/04/26,23300,0.05,65,CE,NFO-OPT,NFO
10441474,40787,NIFTY2640723300PE,NIFTY,0,07/04/26,23300,0.05,65,PE,NFO-OPT,NFO
10429954,40742,NIFTY2640722700CE,NIFTY,0,07/04/26,22700,0.05,65,CE,NFO-OPT,NFO
10430722,40745,NIFTY2640722700PE,NIFTY,0,07/04/26,22700,0.05,65,PE,NFO-OPT,NFO
10441730,40788,NIFTY2640723350CE,NIFTY,0,07/04/26,23350,0.05,65,CE,NFO-OPT,NFO
10441986,40789,NIFTY2640723350PE,NIFTY,0,07/04/26,23350,0.05,65,PE,NFO-OPT,NFO
10429442,40740,NIFTY2640722650CE,NIFTY,0,07/04/26,22650,0.05,65,CE,NFO-OPT,NFO
10429698,40741,NIFTY2640722650PE,NIFTY,0,07/04/26,22650,0.05,65,PE,NFO-OPT,NFO
10442498,40791,NIFTY2640723400PE,NIFTY,0,07/04/26,23400,0.05,65,PE,NFO-OPT,NFO
10495490,40998,NIFTY2640726600CE,NIFTY,0,07/04/26,26600,0.05,65,CE,NFO-OPT,NFO
10495746,40999,NIFTY2640726600PE,NIFTY,0,07/04/26,26600,0.05,65,PE,NFO-OPT,NFO
10494978,40996,NIFTY2640726550CE,NIFTY,0,07/04/26,26550,0.05,65,CE,NFO-OPT,NFO
10495234,40997,NIFTY2640726550PE,NIFTY,0,07/04/26,26550,0.05,65,PE,NFO-OPT,NFO
10494466,40994,NIFTY2640726500CE,NIFTY,0,07/04/26,26500,0.05,65,CE,NFO-OPT,NFO
10494722,40995,NIFTY2640726500PE,NIFTY,0,07/04/26,26500,0.05,65,PE,NFO-OPT,NFO
10493954,40992,NIFTY2640726450CE,NIFTY,0,07/04/26,26450,0.05,65,CE,NFO-OPT,NFO
10494210,40993,NIFTY2640726450PE,NIFTY,0,07/04/26,26450,0.05,65,PE,NFO-OPT,NFO
10493442,40990,NIFTY2640726400CE,NIFTY,0,07/04/26,26400,0.05,65,CE,NFO-OPT,NFO
10493698,40991,NIFTY2640726400PE,NIFTY,0,07/04/26,26400,0.05,65,PE,NFO-OPT,NFO
10491906,40984,NIFTY2640726350CE,NIFTY,0,07/04/26,26350,0.05,65,CE,NFO-OPT,NFO
10492162,40985,NIFTY2640726350PE,NIFTY,0,07/04/26,26350,0.05,65,PE,NFO-OPT,NFO
10491394,40982,NIFTY2640726300CE,NIFTY,0,07/04/26,26300,0.05,65,CE,NFO-OPT,NFO
10491650,40983,NIFTY2640726300PE,NIFTY,0,07/04/26,26300,0.05,65,PE,NFO-OPT,NFO
10490882,40980,NIFTY2640726250CE,NIFTY,0,07/04/26,26250,0.05,65,CE,NFO-OPT,NFO
10491138,40981,NIFTY2640726250PE,NIFTY,0,07/04/26,26250,0.05,65,PE,NFO-OPT,NFO
10490370,40978,NIFTY2640726200CE,NIFTY,0,07/04/26,26200,0.05,65,CE,NFO-OPT,NFO
10490626,40979,NIFTY2640726200PE,NIFTY,0,07/04/26,26200,0.05,65,PE,NFO-OPT,NFO
10489858,40976,NIFTY2640726150CE,NIFTY,0,07/04/26,26150,0.05,65,CE,NFO-OPT,NFO
10490114,40977,NIFTY2640726150PE,NIFTY,0,07/04/26,26150,0.05,65,PE,NFO-OPT,NFO
10489346,40974,NIFTY2640726100CE,NIFTY,0,07/04/26,26100,0.05,65,CE,NFO-OPT,NFO
10489602,40975,NIFTY2640726100PE,NIFTY,0,07/04/26,26100,0.05,65,PE,NFO-OPT,NFO
10488834,40972,NIFTY2640726050CE,NIFTY,0,07/04/26,26050,0.05,65,CE,NFO-OPT,NFO
10489090,40973,NIFTY2640726050PE,NIFTY,0,07/04/26,26050,0.05,65,PE,NFO-OPT,NFO
10488322,40970,NIFTY2640726000CE,NIFTY,0,07/04/26,26000,0.05,65,CE,NFO-OPT,NFO
10488578,40971,NIFTY2640726000PE,NIFTY,0,07/04/26,26000,0.05,65,PE,NFO-OPT,NFO
10487554,40967,NIFTY2640725950CE,NIFTY,0,07/04/26,25950,0.05,65,CE,NFO-OPT,NFO
10488066,40969,NIFTY2640725950PE,NIFTY,0,07/04/26,25950,0.05,65,PE,NFO-OPT,NFO
10486530,40963,NIFTY2640725900CE,NIFTY,0,07/04/26,25900,0.05,65,CE,NFO-OPT,NFO
10487298,40966,NIFTY2640725900PE,NIFTY,0,07/04/26,25900,0.05,65,PE,NFO-OPT,NFO
10486018,40961,NIFTY2640725850CE,NIFTY,0,07/04/26,25850,0.05,65,CE,NFO-OPT,NFO
10486274,40962,NIFTY2640725850PE,NIFTY,0,07/04/26,25850,0.05,65,PE,NFO-OPT,NFO
10485506,40959,NIFTY2640725800CE,NIFTY,0,07/04/26,25800,0.05,65,CE,NFO-OPT,NFO
10485762,40960,NIFTY2640725800PE,NIFTY,0,07/04/26,25800,0.05,65,PE,NFO-OPT,NFO
10484226,40954,NIFTY2640725750CE,NIFTY,0,07/04/26,25750,0.05,65,CE,NFO-OPT,NFO
10485250,40958,NIFTY2640725750PE,NIFTY,0,07/04/26,25750,0.05,65,PE,NFO-OPT,NFO
10483202,40950,NIFTY2640725700CE,NIFTY,0,07/04/26,25700,0.05,65,CE,NFO-OPT,NFO
10483970,40953,NIFTY2640725700PE,NIFTY,0,07/04/26,25700,0.05,65,PE,NFO-OPT,NFO
10482690,40948,NIFTY2640725650CE,NIFTY,0,07/04/26,25650,0.05,65,CE,NFO-OPT,NFO
10482946,40949,NIFTY2640725650PE,NIFTY,0,07/04/26,25650,0.05,65,PE,NFO-OPT,NFO
10482178,40946,NIFTY2640725600CE,NIFTY,0,07/04/26,25600,0.05,65,CE,NFO-OPT,NFO
10482434,40947,NIFTY2640725600PE,NIFTY,0,07/04/26,25600,0.05,65,PE,NFO-OPT,NFO
10481154,40942,NIFTY2640725550CE,NIFTY,0,07/04/26,25550,0.05,65,CE,NFO-OPT,NFO
10481410,40943,NIFTY2640725550PE,NIFTY,0,07/04/26,25550,0.05,65,PE,NFO-OPT,NFO
10478338,40931,NIFTY2640725500CE,NIFTY,0,07/04/26,25500,0.05,65,CE,NFO-OPT,NFO
10480898,40941,NIFTY2640725500PE,NIFTY,0,07/04/26,25500,0.05,65,PE,NFO-OPT,NFO
10477058,40926,NIFTY2640725450CE,NIFTY,0,07/04/26,25450,0.05,65,CE,NFO-OPT,NFO
10477314,40927,NIFTY2640725450PE,NIFTY,0,07/04/26,25450,0.05,65,PE,NFO-OPT,NFO
10475522,40920,NIFTY2640725400CE,NIFTY,0,07/04/26,25400,0.05,65,CE,NFO-OPT,NFO
10476802,40925,NIFTY2640725400PE,NIFTY,0,07/04/26,25400,0.05,65,PE,NFO-OPT,NFO
10474498,40916,NIFTY2640725350CE,NIFTY,0,07/04/26,25350,0.05,65,CE,NFO-OPT,NFO
10475266,40919,NIFTY2640725350PE,NIFTY,0,07/04/26,25350,0.05,65,PE,NFO-OPT,NFO
10473986,40914,NIFTY2640725300CE,NIFTY,0,07/04/26,25300,0.05,65,CE,NFO-OPT,NFO
10474242,40915,NIFTY2640725300PE,NIFTY,0,07/04/26,25300,0.05,65,PE,NFO-OPT,NFO
10472962,40910,NIFTY2640725250CE,NIFTY,0,07/04/26,25250,0.05,65,CE,NFO-OPT,NFO
10473730,40913,NIFTY2640725250PE,NIFTY,0,07/04/26,25250,0.05,65,PE,NFO-OPT,NFO
10472450,40908,NIFTY2640725200CE,NIFTY,0,07/04/26,25200,0.05,65,CE,NFO-OPT,NFO
10472706,40909,NIFTY2640725200PE,NIFTY,0,07/04/26,25200,0.05,65,PE,NFO-OPT,NFO
10470914,40902,NIFTY2640725150CE,NIFTY,0,07/04/26,25150,0.05,65,CE,NFO-OPT,NFO
10472194,40907,NIFTY2640725150PE,NIFTY,0,07/04/26,25150,0.05,65,PE,NFO-OPT,NFO
10469378,40896,NIFTY2640725100CE,NIFTY,0,07/04/26,25100,0.05,65,CE,NFO-OPT,NFO
10470658,40901,NIFTY2640725100PE,NIFTY,0,07/04/26,25100,0.05,65,PE,NFO-OPT,NFO
10468866,40894,NIFTY2640725050CE,NIFTY,0,07/04/26,25050,0.05,65,CE,NFO-OPT,NFO
10469122,40895,NIFTY2640725050PE,NIFTY,0,07/04/26,25050,0.05,65,PE,NFO-OPT,NFO
10467842,40890,NIFTY2640725000CE,NIFTY,0,07/04/26,25000,0.05,65,CE,NFO-OPT,NFO
10468610,40893,NIFTY2640725000PE,NIFTY,0,07/04/26,25000,0.05,65,PE,NFO-OPT,NFO
10467330,40888,NIFTY2640724950CE,NIFTY,0,07/04/26,24950,0.05,65,CE,NFO-OPT,NFO
10467586,40889,NIFTY2640724950PE,NIFTY,0,07/04/26,24950,0.05,65,PE,NFO-OPT,NFO
10466306,40884,NIFTY2640724900CE,NIFTY,0,07/04/26,24900,0.05,65,CE,NFO-OPT,NFO
10467074,40887,NIFTY2640724900PE,NIFTY,0,07/04/26,24900,0.05,65,PE,NFO-OPT,NFO
10465794,40882,NIFTY2640724850CE,NIFTY,0,07/04/26,24850,0.05,65,CE,NFO-OPT,NFO
10466050,40883,NIFTY2640724850PE,NIFTY,0,07/04/26,24850,0.05,65,PE,NFO-OPT,NFO
10465282,40880,NIFTY2640724800CE,NIFTY,0,07/04/26,24800,0.05,65,CE,NFO-OPT,NFO
10465538,40881,NIFTY2640724800PE,NIFTY,0,07/04/26,24800,0.05,65,PE,NFO-OPT,NFO
10464770,40878,NIFTY2640724750CE,NIFTY,0,07/04/26,24750,0.05,65,CE,NFO-OPT,NFO
10465026,40879,NIFTY2640724750PE,NIFTY,0,07/04/26,24750,0.05,65,PE,NFO-OPT,NFO
10464258,40876,NIFTY2640724700CE,NIFTY,0,07/04/26,24700,0.05,65,CE,NFO-OPT,NFO
10464514,40877,NIFTY2640724700PE,NIFTY,0,07/04/26,24700,0.05,65,PE,NFO-OPT,NFO
10462722,40870,NIFTY2640724650CE,NIFTY,0,07/04/26,24650,0.05,65,CE,NFO-OPT,NFO
10464002,40875,NIFTY2640724650PE,NIFTY,0,07/04/26,24650,0.05,65,PE,NFO-OPT,NFO
10462210,40868,NIFTY2640724600CE,NIFTY,0,07/04/26,24600,0.05,65,CE,NFO-OPT,NFO
10462466,40869,NIFTY2640724600PE,NIFTY,0,07/04/26,24600,0.05,65,PE,NFO-OPT,NFO
10461698,40866,NIFTY2640724550CE,NIFTY,0,07/04/26,24550,0.05,65,CE,NFO-OPT,NFO
10461954,40867,NIFTY2640724550PE,NIFTY,0,07/04/26,24550,0.05,65,PE,NFO-OPT,NFO
10461186,40864,NIFTY2640724500CE,NIFTY,0,07/04/26,24500,0.05,65,CE,NFO-OPT,NFO
10461442,40865,NIFTY2640724500PE,NIFTY,0,07/04/26,24500,0.05,65,PE,NFO-OPT,NFO
10460674,40862,NIFTY2640724450CE,NIFTY,0,07/04/26,24450,0.05,65,CE,NFO-OPT,NFO
10460930,40863,NIFTY2640724450PE,NIFTY,0,07/04/26,24450,0.05,65,PE,NFO-OPT,NFO
10459650,40858,NIFTY2640724400CE,NIFTY,0,07/04/26,24400,0.05,65,CE,NFO-OPT,NFO
10460418,40861,NIFTY2640724400PE,NIFTY,0,07/04/26,24400,0.05,65,PE,NFO-OPT,NFO
10458114,40852,NIFTY2640724350CE,NIFTY,0,07/04/26,24350,0.05,65,CE,NFO-OPT,NFO
10459394,40857,NIFTY2640724350PE,NIFTY,0,07/04/26,24350,0.05,65,PE,NFO-OPT,NFO
10457602,40850,NIFTY2640724300CE,NIFTY,0,07/04/26,24300,0.05,65,CE,NFO-OPT,NFO
10457858,40851,NIFTY2640724300PE,NIFTY,0,07/04/26,24300,0.05,65,PE,NFO-OPT,NFO
10455554,40842,NIFTY2640724250CE,NIFTY,0,07/04/26,24250,0.05,65,CE,NFO-OPT,NFO
10456834,40847,NIFTY2640724250PE,NIFTY,0,07/04/26,24250,0.05,65,PE,NFO-OPT,NFO
10455042,40840,NIFTY2640724200CE,NIFTY,0,07/04/26,24200,0.05,65,CE,NFO-OPT,NFO
10455298,40841,NIFTY2640724200PE,NIFTY,0,07/04/26,24200,0.05,65,PE,NFO-OPT,NFO
10454530,40838,NIFTY2640724150CE,NIFTY,0,07/04/26,24150,0.05,65,CE,NFO-OPT,NFO
10454786,40839,NIFTY2640724150PE,NIFTY,0,07/04/26,24150,0.05,65,PE,NFO-OPT,NFO
10453250,40833,NIFTY2640724100CE,NIFTY,0,07/04/26,24100,0.05,65,CE,NFO-OPT,NFO
10454274,40837,NIFTY2640724100PE,NIFTY,0,07/04/26,24100,0.05,65,PE,NFO-OPT,NFO
10452482,40830,NIFTY2640724050CE,NIFTY,0,07/04/26,24050,0.05,65,CE,NFO-OPT,NFO
10452994,40832,NIFTY2640724050PE,NIFTY,0,07/04/26,24050,0.05,65,PE,NFO-OPT,NFO
10450946,40824,NIFTY2640724000CE,NIFTY,0,07/04/26,24000,0.05,65,CE,NFO-OPT,NFO
10452226,40829,NIFTY2640724000PE,NIFTY,0,07/04/26,24000,0.05,65,PE,NFO-OPT,NFO
10450434,40822,NIFTY2640723950CE,NIFTY,0,07/04/26,23950,0.05,65,CE,NFO-OPT,NFO
10450690,40823,NIFTY2640723950PE,NIFTY,0,07/04/26,23950,0.05,65,PE,NFO-OPT,NFO
10449922,40820,NIFTY2640723900CE,NIFTY,0,07/04/26,23900,0.05,65,CE,NFO-OPT,NFO
10450178,40821,NIFTY2640723900PE,NIFTY,0,07/04/26,23900,0.05,65,PE,NFO-OPT,NFO
10449410,40818,NIFTY2640723850CE,NIFTY,0,07/04/26,23850,0.05,65,CE,NFO-OPT,NFO
10449666,40819,NIFTY2640723850PE,NIFTY,0,07/04/26,23850,0.05,65,PE,NFO-OPT,NFO
10448898,40816,NIFTY2640723800CE,NIFTY,0,07/04/26,23800,0.05,65,CE,NFO-OPT,NFO
10449154,40817,NIFTY2640723800PE,NIFTY,0,07/04/26,23800,0.05,65,PE,NFO-OPT,NFO
10447106,40809,NIFTY2640723750CE,NIFTY,0,07/04/26,23750,0.05,65,CE,NFO-OPT,NFO
10448386,40814,NIFTY2640723750PE,NIFTY,0,07/04/26,23750,0.05,65,PE,NFO-OPT,NFO
10445826,40804,NIFTY2640723700CE,NIFTY,0,07/04/26,23700,0.05,65,CE,NFO-OPT,NFO
10446338,40806,NIFTY2640723700PE,NIFTY,0,07/04/26,23700,0.05,65,PE,NFO-OPT,NFO
10445314,40802,NIFTY2640723650CE,NIFTY,0,07/04/26,23650,0.05,65,CE,NFO-OPT,NFO
10445570,40803,NIFTY2640723650PE,NIFTY,0,07/04/26,23650,0.05,65,PE,NFO-OPT,NFO
10444802,40800,NIFTY2640723600CE,NIFTY,0,07/04/26,23600,0.05,65,CE,NFO-OPT,NFO
10445058,40801,NIFTY2640723600PE,NIFTY,0,07/04/26,23600,0.05,65,PE,NFO-OPT,NFO
10444290,40798,NIFTY2640723550CE,NIFTY,0,07/04/26,23550,0.05,65,CE,NFO-OPT,NFO
10444546,40799,NIFTY2640723550PE,NIFTY,0,07/04/26,23550,0.05,65,PE,NFO-OPT,NFO
10443778,40796,NIFTY2640723500CE,NIFTY,0,07/04/26,23500,0.05,65,CE,NFO-OPT,NFO
10444034,40797,NIFTY2640723500PE,NIFTY,0,07/04/26,23500,0.05,65,PE,NFO-OPT,NFO
10442754,40792,NIFTY2640723450CE,NIFTY,0,07/04/26,23450,0.05,65,CE,NFO-OPT,NFO
10443522,40795,NIFTY2640723450PE,NIFTY,0,07/04/26,23450,0.05,65,PE,NFO-OPT,NFO
10442242,40790,NIFTY2640723400CE,NIFTY,0,07/04/26,23400,0.05,65,CE,NFO-OPT,NFO
10428930,40738,NIFTY2640722600CE,NIFTY,0,07/04/26,22600,0.05,65,CE,NFO-OPT,NFO
10429186,40739,NIFTY2640722600PE,NIFTY,0,07/04/26,22600,0.05,65,PE,NFO-OPT,NFO
10428418,40736,NIFTY2640722550CE,NIFTY,0,07/04/26,22550,0.05,65,CE,NFO-OPT,NFO
10428674,40737,NIFTY2640722550PE,NIFTY,0,07/04/26,22550,0.05,65,PE,NFO-OPT,NFO
10427394,40732,NIFTY2640722500CE,NIFTY,0,07/04/26,22500,0.05,65,CE,NFO-OPT,NFO
10428162,40735,NIFTY2640722500PE,NIFTY,0,07/04/26,22500,0.05,65,PE,NFO-OPT,NFO
10426882,40730,NIFTY2640722450CE,NIFTY,0,07/04/26,22450,0.05,65,CE,NFO-OPT,NFO
10427138,40731,NIFTY2640722450PE,NIFTY,0,07/04/26,22450,0.05,65,PE,NFO-OPT,NFO
10426370,40728,NIFTY2640722400CE,NIFTY,0,07/04/26,22400,0.05,65,CE,NFO-OPT,NFO
10426626,40729,NIFTY2640722400PE,NIFTY,0,07/04/26,22400,0.05,65,PE,NFO-OPT,NFO
10425858,40726,NIFTY2640722350CE,NIFTY,0,07/04/26,22350,0.05,65,CE,NFO-OPT,NFO
10426114,40727,NIFTY2640722350PE,NIFTY,0,07/04/26,22350,0.05,65,PE,NFO-OPT,NFO
10425346,40724,NIFTY2640722300CE,NIFTY,0,07/04/26,22300,0.05,65,CE,NFO-OPT,NFO
10425602,40725,NIFTY2640722300PE,NIFTY,0,07/04/26,22300,0.05,65,PE,NFO-OPT,NFO
10423810,40718,NIFTY2640722250CE,NIFTY,0,07/04/26,22250,0.05,65,CE,NFO-OPT,NFO
10425090,40723,NIFTY2640722250PE,NIFTY,0,07/04/26,22250,0.05,65,PE,NFO-OPT,NFO
10422786,40714,NIFTY2640722200CE,NIFTY,0,07/04/26,22200,0.05,65,CE,NFO-OPT,NFO
10423554,40717,NIFTY2640722200PE,NIFTY,0,07/04/26,22200,0.05,65,PE,NFO-OPT,NFO
10420994,40707,NIFTY2640722150CE,NIFTY,0,07/04/26,22150,0.05,65,CE,NFO-OPT,NFO
10421250,40708,NIFTY2640722150PE,NIFTY,0,07/04/26,22150,0.05,65,PE,NFO-OPT,NFO
10420482,40705,NIFTY2640722100CE,NIFTY,0,07/04/26,22100,0.05,65,CE,NFO-OPT,NFO
10420738,40706,NIFTY2640722100PE,NIFTY,0,07/04/26,22100,0.05,65,PE,NFO-OPT,NFO
10419970,40703,NIFTY2640722050CE,NIFTY,0,07/04/26,22050,0.05,65,CE,NFO-OPT,NFO
10420226,40704,NIFTY2640722050PE,NIFTY,0,07/04/26,22050,0.05,65,PE,NFO-OPT,NFO
10419202,40700,NIFTY2640722000CE,NIFTY,0,07/04/26,22000,0.05,65,CE,NFO-OPT,NFO
10419458,40701,NIFTY2640722000PE,NIFTY,0,07/04/26,22000,0.05,65,PE,NFO-OPT,NFO
10418690,40698,NIFTY2640721950CE,NIFTY,0,07/04/26,21950,0.05,65,CE,NFO-OPT,NFO
10418946,40699,NIFTY2640721950PE,NIFTY,0,07/04/26,21950,0.05,65,PE,NFO-OPT,NFO
10418178,40696,NIFTY2640721900CE,NIFTY,0,07/04/26,21900,0.05,65,CE,NFO-OPT,NFO
10418434,40697,NIFTY2640721900PE,NIFTY,0,07/04/26,21900,0.05,65,PE,NFO-OPT,NFO
10417666,40694,NIFTY2640721850CE,NIFTY,0,07/04/26,21850,0.05,65,CE,NFO-OPT,NFO
10417922,40695,NIFTY2640721850PE,NIFTY,0,07/04/26,21850,0.05,65,PE,NFO-OPT,NFO
10417154,40692,NIFTY2640721800CE,NIFTY,0,07/04/26,21800,0.05,65,CE,NFO-OPT,NFO
10417410,40693,NIFTY2640721800PE,NIFTY,0,07/04/26,21800,0.05,65,PE,NFO-OPT,NFO
10416642,40690,NIFTY2640721750CE,NIFTY,0,07/04/26,21750,0.05,65,CE,NFO-OPT,NFO
10416898,40691,NIFTY2640721750PE,NIFTY,0,07/04/26,21750,0.05,65,PE,NFO-OPT,NFO
10416130,40688,NIFTY2640721700CE,NIFTY,0,07/04/26,21700,0.05,65,CE,NFO-OPT,NFO
10416386,40689,NIFTY2640721700PE,NIFTY,0,07/04/26,21700,0.05,65,PE,NFO-OPT,NFO
10415106,40684,NIFTY2640721650CE,NIFTY,0,07/04/26,21650,0.05,65,CE,NFO-OPT,NFO
10415874,40687,NIFTY2640721650PE,NIFTY,0,07/04/26,21650,0.05,65,PE,NFO-OPT,NFO
10414594,40682,NIFTY2640721600CE,NIFTY,0,07/04/26,21600,0.05,65,CE,NFO-OPT,NFO
10414850,40683,NIFTY2640721600PE,NIFTY,0,07/04/26,21600,0.05,65,PE,NFO-OPT,NFO
10414082,40680,NIFTY2640721550CE,NIFTY,0,07/04/26,21550,0.05,65,CE,NFO-OPT,NFO
10414338,40681,NIFTY2640721550PE,NIFTY,0,07/04/26,21550,0.05,65,PE,NFO-OPT,NFO
10413570,40678,NIFTY2640721500CE,NIFTY,0,07/04/26,21500,0.05,65,CE,NFO-OPT,NFO
10413826,40679,NIFTY2640721500PE,NIFTY,0,07/04/26,21500,0.05,65,PE,NFO-OPT,NFO
10411010,40668,NIFTY2640721450CE,NIFTY,0,07/04/26,21450,0.05,65,CE,NFO-OPT,NFO
10413314,40677,NIFTY2640721450PE,NIFTY,0,07/04/26,21450,0.05,65,PE,NFO-OPT,NFO
10409986,40664,NIFTY2640721400CE,NIFTY,0,07/04/26,21400,0.05,65,CE,NFO-OPT,NFO
10410754,40667,NIFTY2640721400PE,NIFTY,0,07/04/26,21400,0.05,65,PE,NFO-OPT,NFO
10409474,40662,NIFTY2640721350CE,NIFTY,0,07/04/26,21350,0.05,65,CE,NFO-OPT,NFO
10409730,40663,NIFTY2640721350PE,NIFTY,0,07/04/26,21350,0.05,65,PE,NFO-OPT,NFO
10408962,40660,NIFTY2640721300CE,NIFTY,0,07/04/26,21300,0.05,65,CE,NFO-OPT,NFO
10409218,40661,NIFTY2640721300PE,NIFTY,0,07/04/26,21300,0.05,65,PE,NFO-OPT,NFO
10407938,40656,NIFTY2640721250CE,NIFTY,0,07/04/26,21250,0.05,65,CE,NFO-OPT,NFO
10408706,40659,NIFTY2640721250PE,NIFTY,0,07/04/26,21250,0.05,65,PE,NFO-OPT,NFO
10406914,40652,NIFTY2640721200CE,NIFTY,0,07/04/26,21200,0.05,65,CE,NFO-OPT,NFO
10407682,40655,NIFTY2640721200PE,NIFTY,0,07/04/26,21200,0.05,65,PE,NFO-OPT,NFO
10405890,40648,NIFTY2640721150CE,NIFTY,0,07/04/26,21150,0.05,65,CE,NFO-OPT,NFO
10406658,40651,NIFTY2640721150PE,NIFTY,0,07/04/26,21150,0.05,65,PE,NFO-OPT,NFO
10404866,40644,NIFTY2640721100CE,NIFTY,0,07/04/26,21100,0.05,65,CE,NFO-OPT,NFO
10405634,40647,NIFTY2640721100PE,NIFTY,0,07/04/26,21100,0.05,65,PE,NFO-OPT,NFO
10404354,40642,NIFTY2640721050CE,NIFTY,0,07/04/26,21050,0.05,65,CE,NFO-OPT,NFO
10404610,40643,NIFTY2640721050PE,NIFTY,0,07/04/26,21050,0.05,65,PE,NFO-OPT,NFO
10403842,40640,NIFTY2640721000CE,NIFTY,0,07/04/26,21000,0.05,65,CE,NFO-OPT,NFO
10404098,40641,NIFTY2640721000PE,NIFTY,0,07/04/26,21000,0.05,65,PE,NFO-OPT,NFO
10403330,40638,NIFTY2640720950CE,NIFTY,0,07/04/26,20950,0.05,65,CE,NFO-OPT,NFO
10403586,40639,NIFTY2640720950PE,NIFTY,0,07/04/26,20950,0.05,65,PE,NFO-OPT,NFO
10401794,40632,NIFTY2640720900CE,NIFTY,0,07/04/26,20900,0.05,65,CE,NFO-OPT,NFO
10403074,40637,NIFTY2640720900PE,NIFTY,0,07/04/26,20900,0.05,65,PE,NFO-OPT,NFO
10400258,40626,NIFTY2640720850CE,NIFTY,0,07/04/26,20850,0.05,65,CE,NFO-OPT,NFO
10401538,40631,NIFTY2640720850PE,NIFTY,0,07/04/26,20850,0.05,65,PE,NFO-OPT,NFO
17270786,67464,BANKNIFTY26APR53500CE,BANKNIFTY,0,28/04/26,53500,0.05,30,CE,NFO-OPT,NFO
17271042,67465,BANKNIFTY26APR53500PE,BANKNIFTY,0,28/04/26,53500,0.05,30,PE,NFO-OPT,NFO
17270274,67462,BANKNIFTY26APR53400CE,BANKNIFTY,0,28/04/26,53400,0.05,30,CE,NFO-OPT,NFO
17270530,67463,BANKNIFTY26APR53400PE,BANKNIFTY,0,28/04/26,53400,0.05,30,PE,NFO-OPT,NFO
17271298,67466,BANKNIFTY26APR53600CE,BANKNIFTY,0,28/04/26,53600,0.05,30,CE,NFO-OPT,NFO
17271554,67467,BANKNIFTY26APR53600PE,BANKNIFTY,0,28/04/26,53600,0.05,30,PE,NFO-OPT,NFO
17269762,67460,BANKNIFTY26APR53300CE,BANKNIFTY,0,28/04/26,53300,0.05,30,CE,NFO-OPT,NFO
17270018,67461,BANKNIFTY26APR53300PE,BANKNIFTY,0,28/04/26,53300,0.05,30,PE,NFO-OPT,NFO
17271810,67468,BANKNIFTY26APR53700CE,BANKNIFTY,0,28/04/26,53700,0.05,30,CE,NFO-OPT,NFO
17272066,67469,BANKNIFTY26APR53700PE,BANKNIFTY,0,28/04/26,53700,0.05,30,PE,NFO-OPT,NFO
17269250,67458,BANKNIFTY26APR53200CE,BANKNIFTY,0,28/04/26,53200,0.05,30,CE,NFO-OPT,NFO
17269506,67459,BANKNIFTY26APR53200PE,BANKNIFTY,0,28/04/26,53200,0.05,30,PE,NFO-OPT,NFO
17272322,67470,BANKNIFTY26APR53800CE,BANKNIFTY,0,28/04/26,53800,0.05,30,CE,NFO-OPT,NFO
17272578,67471,BANKNIFTY26APR53800PE,BANKNIFTY,0,28/04/26,53800,0.05,30,PE,NFO-OPT,NFO
17268738,67456,BANKNIFTY26APR53100CE,BANKNIFTY,0,28/04/26,53100,0.05,30,CE,NFO-OPT,NFO
17268994,67457,BANKNIFTY26APR53100PE,BANKNIFTY,0,28/04/26,53100,0.05,30,PE,NFO-OPT,NFO
17272834,67472,BANKNIFTY26APR53900CE,BANKNIFTY,0,28/04/26,53900,0.05,30,CE,NFO-OPT,NFO
17273090,67473,BANKNIFTY26APR53900PE,BANKNIFTY,0,28/04/26,53900,0.05,30,PE,NFO-OPT,NFO
17268226,67454,BANKNIFTY26APR53000CE,BANKNIFTY,0,28/04/26,53000,0.05,30,CE,NFO-OPT,NFO
17268482,67455,BANKNIFTY26APR53000PE,BANKNIFTY,0,28/04/26,53000,0.05,30,PE,NFO-OPT,NFO
17273346,67474,BANKNIFTY26APR54000CE,BANKNIFTY,0,28/04/26,54000,0.05,30,CE,NFO-OPT,NFO
17273602,67475,BANKNIFTY26APR54000PE,BANKNIFTY,0,28/04/26,54000,0.05,30,PE,NFO-OPT,NFO
17267714,67452,BANKNIFTY26APR52900CE,BANKNIFTY,0,28/04/26,52900,0.05,30,CE,NFO-OPT,NFO
17267970,67453,BANKNIFTY26APR52900PE,BANKNIFTY,0,28/04/26,52900,0.05,30,PE,NFO-OPT,NFO
17273858,67476,BANKNIFTY26APR54100CE,BANKNIFTY,0,28/04/26,54100,0.05,30,CE,NFO-OPT,NFO
17274114,67477,BANKNIFTY26APR54100PE,BANKNIFTY,0,28/04/26,54100,0.05,30,PE,NFO-OPT,NFO
17267202,67450,BANKNIFTY26APR52800CE,BANKNIFTY,0,28/04/26,52800,0.05,30,CE,NFO-OPT,NFO
17267458,67451,BANKNIFTY26APR52800PE,BANKNIFTY,0,28/04/26,52800,0.05,30,PE,NFO-OPT,NFO
17274370,67478,BANKNIFTY26APR54200CE,BANKNIFTY,0,28/04/26,54200,0.05,30,CE,NFO-OPT,NFO
17274626,67479,BANKNIFTY26APR54200PE,BANKNIFTY,0,28/04/26,54200,0.05,30,PE,NFO-OPT,NFO
17275138,67481,BANKNIFTY26APR54300PE,BANKNIFTY,0,28/04/26,54300,0.05,30,PE,NFO-OPT,NFO
17489922,68320,BANKNIFTY26APR69000CE,BANKNIFTY,0,28/04/26,69000,0.05,30,CE,NFO-OPT,NFO
17490690,68323,BANKNIFTY26APR69000PE,BANKNIFTY,0,28/04/26,69000,0.05,30,PE,NFO-OPT,NFO
17486338,68306,BANKNIFTY26APR68500CE,BANKNIFTY,0,28/04/26,68500,0.05,30,CE,NFO-OPT,NFO
17486594,68307,BANKNIFTY26APR68500PE,BANKNIFTY,0,28/04/26,68500,0.05,30,PE,NFO-OPT,NFO
17483778,68296,BANKNIFTY26APR68000CE,BANKNIFTY,0,28/04/26,68000,0.05,30,CE,NFO-OPT,NFO
17484034,68297,BANKNIFTY26APR68000PE,BANKNIFTY,0,28/04/26,68000,0.05,30,PE,NFO-OPT,NFO
17473282,68255,BANKNIFTY26APR67500CE,BANKNIFTY,0,28/04/26,67500,0.05,30,CE,NFO-OPT,NFO
17473538,68256,BANKNIFTY26APR67500PE,BANKNIFTY,0,28/04/26,67500,0.05,30,PE,NFO-OPT,NFO
17466114,68227,BANKNIFTY26APR67000CE,BANKNIFTY,0,28/04/26,67000,0.05,30,CE,NFO-OPT,NFO
17466370,68228,BANKNIFTY26APR67000PE,BANKNIFTY,0,28/04/26,67000,0.05,30,PE,NFO-OPT,NFO
17458690,68198,BANKNIFTY26APR66600CE,BANKNIFTY,0,28/04/26,66600,0.05,30,CE,NFO-OPT,NFO
17458946,68199,BANKNIFTY26APR66600PE,BANKNIFTY,0,28/04/26,66600,0.05,30,PE,NFO-OPT,NFO
17458178,68196,BANKNIFTY26APR66500CE,BANKNIFTY,0,28/04/26,66500,0.05,30,CE,NFO-OPT,NFO
17458434,68197,BANKNIFTY26APR66500PE,BANKNIFTY,0,28/04/26,66500,0.05,30,PE,NFO-OPT,NFO
17457666,68194,BANKNIFTY26APR66400CE,BANKNIFTY,0,28/04/26,66400,0.05,30,CE,NFO-OPT,NFO
17457922,68195,BANKNIFTY26APR66400PE,BANKNIFTY,0,28/04/26,66400,0.05,30,PE,NFO-OPT,NFO
17456130,68188,BANKNIFTY26APR66300CE,BANKNIFTY,0,28/04/26,66300,0.05,30,CE,NFO-OPT,NFO
17456386,68189,BANKNIFTY26APR66300PE,BANKNIFTY,0,28/04/26,66300,0.05,30,PE,NFO-OPT,NFO
17455618,68186,BANKNIFTY26APR66200CE,BANKNIFTY,0,28/04/26,66200,0.05,30,CE,NFO-OPT,NFO
17455874,68187,BANKNIFTY26APR66200PE,BANKNIFTY,0,28/04/26,66200,0.05,30,PE,NFO-OPT,NFO
17455106,68184,BANKNIFTY26APR66100CE,BANKNIFTY,0,28/04/26,66100,0.05,30,CE,NFO-OPT,NFO
17455362,68185,BANKNIFTY26APR66100PE,BANKNIFTY,0,28/04/26,66100,0.05,30,PE,NFO-OPT,NFO
17454594,68182,BANKNIFTY26APR66000CE,BANKNIFTY,0,28/04/26,66000,0.05,30,CE,NFO-OPT,NFO
17454850,68183,BANKNIFTY26APR66000PE,BANKNIFTY,0,28/04/26,66000,0.05,30,PE,NFO-OPT,NFO
17454082,68180,BANKNIFTY26APR65900CE,BANKNIFTY,0,28/04/26,65900,0.05,30,CE,NFO-OPT,NFO
17454338,68181,BANKNIFTY26APR65900PE,BANKNIFTY,0,28/04/26,65900,0.05,30,PE,NFO-OPT,NFO
17453314,68177,BANKNIFTY26APR65800CE,BANKNIFTY,0,28/04/26,65800,0.05,30,CE,NFO-OPT,NFO
17453570,68178,BANKNIFTY26APR65800PE,BANKNIFTY,0,28/04/26,65800,0.05,30,PE,NFO-OPT,NFO
17450242,68165,BANKNIFTY26APR65700CE,BANKNIFTY,0,28/04/26,65700,0.05,30,CE,NFO-OPT,NFO
17451010,68168,BANKNIFTY26APR65700PE,BANKNIFTY,0,28/04/26,65700,0.05,30,PE,NFO-OPT,NFO
17449730,68163,BANKNIFTY26APR65600CE,BANKNIFTY,0,28/04/26,65600,0.05,30,CE,NFO-OPT,NFO
17449986,68164,BANKNIFTY26APR65600PE,BANKNIFTY,0,28/04/26,65600,0.05,30,PE,NFO-OPT,NFO
17447938,68156,BANKNIFTY26APR65500CE,BANKNIFTY,0,28/04/26,65500,0.05,30,CE,NFO-OPT,NFO
17449218,68161,BANKNIFTY26APR65500PE,BANKNIFTY,0,28/04/26,65500,0.05,30,PE,NFO-OPT,NFO
17404418,67986,BANKNIFTY26APR65400CE,BANKNIFTY,0,28/04/26,65400,0.05,30,CE,NFO-OPT,NFO
17447682,68155,BANKNIFTY26APR65400PE,BANKNIFTY,0,28/04/26,65400,0.05,30,PE,NFO-OPT,NFO
17403650,67983,BANKNIFTY26APR65300CE,BANKNIFTY,0,28/04/26,65300,0.05,30,CE,NFO-OPT,NFO
17403906,67984,BANKNIFTY26APR65300PE,BANKNIFTY,0,28/04/26,65300,0.05,30,PE,NFO-OPT,NFO
17403138,67981,BANKNIFTY26APR65200CE,BANKNIFTY,0,28/04/26,65200,0.05,30,CE,NFO-OPT,NFO
17403394,67982,BANKNIFTY26APR65200PE,BANKNIFTY,0,28/04/26,65200,0.05,30,PE,NFO-OPT,NFO
17389826,67929,BANKNIFTY26APR65100CE,BANKNIFTY,0,28/04/26,65100,0.05,30,CE,NFO-OPT,NFO
17392642,67940,BANKNIFTY26APR65100PE,BANKNIFTY,0,28/04/26,65100,0.05,30,PE,NFO-OPT,NFO
17389314,67927,BANKNIFTY26APR65000CE,BANKNIFTY,0,28/04/26,65000,0.05,30,CE,NFO-OPT,NFO
17389570,67928,BANKNIFTY26APR65000PE,BANKNIFTY,0,28/04/26,65000,0.05,30,PE,NFO-OPT,NFO
17388802,67925,BANKNIFTY26APR64900CE,BANKNIFTY,0,28/04/26,64900,0.05,30,CE,NFO-OPT,NFO
17389058,67926,BANKNIFTY26APR64900PE,BANKNIFTY,0,28/04/26,64900,0.05,30,PE,NFO-OPT,NFO
17388290,67923,BANKNIFTY26APR64800CE,BANKNIFTY,0,28/04/26,64800,0.05,30,CE,NFO-OPT,NFO
17388546,67924,BANKNIFTY26APR64800PE,BANKNIFTY,0,28/04/26,64800,0.05,30,PE,NFO-OPT,NFO
17387778,67921,BANKNIFTY26APR64700CE,BANKNIFTY,0,28/04/26,64700,0.05,30,CE,NFO-OPT,NFO
17388034,67922,BANKNIFTY26APR64700PE,BANKNIFTY,0,28/04/26,64700,0.05,30,PE,NFO-OPT,NFO
17387266,67919,BANKNIFTY26APR64600CE,BANKNIFTY,0,28/04/26,64600,0.05,30,CE,NFO-OPT,NFO
17387522,67920,BANKNIFTY26APR64600PE,BANKNIFTY,0,28/04/26,64600,0.05,30,PE,NFO-OPT,NFO
17386754,67917,BANKNIFTY26APR64500CE,BANKNIFTY,0,28/04/26,64500,0.05,30,CE,NFO-OPT,NFO
17387010,67918,BANKNIFTY26APR64500PE,BANKNIFTY,0,28/04/26,64500,0.05,30,PE,NFO-OPT,NFO
17386242,67915,BANKNIFTY26APR64400CE,BANKNIFTY,0,28/04/26,64400,0.05,30,CE,NFO-OPT,NFO
17386498,67916,BANKNIFTY26APR64400PE,BANKNIFTY,0,28/04/26,64400,0.05,30,PE,NFO-OPT,NFO
17380610,67893,BANKNIFTY26APR64300CE,BANKNIFTY,0,28/04/26,64300,0.05,30,CE,NFO-OPT,NFO
17380866,67894,BANKNIFTY26APR64300PE,BANKNIFTY,0,28/04/26,64300,0.05,30,PE,NFO-OPT,NFO
17380098,67891,BANKNIFTY26APR64200CE,BANKNIFTY,0,28/04/26,64200,0.05,30,CE,NFO-OPT,NFO
17380354,67892,BANKNIFTY26APR64200PE,BANKNIFTY,0,28/04/26,64200,0.05,30,PE,NFO-OPT,NFO
17379586,67889,BANKNIFTY26APR64100CE,BANKNIFTY,0,28/04/26,64100,0.05,30,CE,NFO-OPT,NFO
17379842,67890,BANKNIFTY26APR64100PE,BANKNIFTY,0,28/04/26,64100,0.05,30,PE,NFO-OPT,NFO
17379074,67887,BANKNIFTY26APR64000CE,BANKNIFTY,0,28/04/26,64000,0.05,30,CE,NFO-OPT,NFO
17379330,67888,BANKNIFTY26APR64000PE,BANKNIFTY,0,28/04/26,64000,0.05,30,PE,NFO-OPT,NFO
17378562,67885,BANKNIFTY26APR63900CE,BANKNIFTY,0,28/04/26,63900,0.05,30,CE,NFO-OPT,NFO
17378818,67886,BANKNIFTY26APR63900PE,BANKNIFTY,0,28/04/26,63900,0.05,30,PE,NFO-OPT,NFO
17378050,67883,BANKNIFTY26APR63800CE,BANKNIFTY,0,28/04/26,63800,0.05,30,CE,NFO-OPT,NFO
17378306,67884,BANKNIFTY26APR63800PE,BANKNIFTY,0,28/04/26,63800,0.05,30,PE,NFO-OPT,NFO
17377538,67881,BANKNIFTY26APR63700CE,BANKNIFTY,0,28/04/26,63700,0.05,30,CE,NFO-OPT,NFO
17377794,67882,BANKNIFTY26APR63700PE,BANKNIFTY,0,28/04/26,63700,0.05,30,PE,NFO-OPT,NFO
17377026,67879,BANKNIFTY26APR63600CE,BANKNIFTY,0,28/04/26,63600,0.05,30,CE,NFO-OPT,NFO
17377282,67880,BANKNIFTY26APR63600PE,BANKNIFTY,0,28/04/26,63600,0.05,30,PE,NFO-OPT,NFO
17376514,67877,BANKNIFTY26APR63500CE,BANKNIFTY,0,28/04/26,63500,0.05,30,CE,NFO-OPT,NFO
17376770,67878,BANKNIFTY26APR63500PE,BANKNIFTY,0,28/04/26,63500,0.05,30,PE,NFO-OPT,NFO
17373698,67866,BANKNIFTY26APR63400CE,BANKNIFTY,0,28/04/26,63400,0.05,30,CE,NFO-OPT,NFO
17373954,67867,BANKNIFTY26APR63400PE,BANKNIFTY,0,28/04/26,63400,0.05,30,PE,NFO-OPT,NFO
17372930,67863,BANKNIFTY26APR63300CE,BANKNIFTY,0,28/04/26,63300,0.05,30,CE,NFO-OPT,NFO
17373186,67864,BANKNIFTY26APR63300PE,BANKNIFTY,0,28/04/26,63300,0.05,30,PE,NFO-OPT,NFO
17372162,67860,BANKNIFTY26APR63200CE,BANKNIFTY,0,28/04/26,63200,0.05,30,CE,NFO-OPT,NFO
17372418,67861,BANKNIFTY26APR63200PE,BANKNIFTY,0,28/04/26,63200,0.05,30,PE,NFO-OPT,NFO
17371650,67858,BANKNIFTY26APR63100CE,BANKNIFTY,0,28/04/26,63100,0.05,30,CE,NFO-OPT,NFO
17371906,67859,BANKNIFTY26APR63100PE,BANKNIFTY,0,28/04/26,63100,0.05,30,PE,NFO-OPT,NFO
17371138,67856,BANKNIFTY26APR63000CE,BANKNIFTY,0,28/04/26,63000,0.05,30,CE,NFO-OPT,NFO
17371394,67857,BANKNIFTY26APR63000PE,BANKNIFTY,0,28/04/26,63000,0.05,30,PE,NFO-OPT,NFO
17366530,67838,BANKNIFTY26APR62900CE,BANKNIFTY,0,28/04/26,62900,0.05,30,CE,NFO-OPT,NFO
17367554,67842,BANKNIFTY26APR62900PE,BANKNIFTY,0,28/04/26,62900,0.05,30,PE,NFO-OPT,NFO
17365762,67835,BANKNIFTY26APR62800CE,BANKNIFTY,0,28/04/26,62800,0.05,30,CE,NFO-OPT,NFO
17366274,67837,BANKNIFTY26APR62800PE,BANKNIFTY,0,28/04/26,62800,0.05,30,PE,NFO-OPT,NFO
17365250,67833,BANKNIFTY26APR62700CE,BANKNIFTY,0,28/04/26,62700,0.05,30,CE,NFO-OPT,NFO
17365506,67834,BANKNIFTY26APR62700PE,BANKNIFTY,0,28/04/26,62700,0.05,30,PE,NFO-OPT,NFO
17364738,67831,BANKNIFTY26APR62600CE,BANKNIFTY,0,28/04/26,62600,0.05,30,CE,NFO-OPT,NFO
17364994,67832,BANKNIFTY26APR62600PE,BANKNIFTY,0,28/04/26,62600,0.05,30,PE,NFO-OPT,NFO
17363970,67828,BANKNIFTY26APR62500CE,BANKNIFTY,0,28/04/26,62500,0.05,30,CE,NFO-OPT,NFO
17364226,67829,BANKNIFTY26APR62500PE,BANKNIFTY,0,28/04/26,62500,0.05,30,PE,NFO-OPT,NFO
17362946,67824,BANKNIFTY26APR62400CE,BANKNIFTY,0,28/04/26,62400,0.05,30,CE,NFO-OPT,NFO
17363202,67825,BANKNIFTY26APR62400PE,BANKNIFTY,0,28/04/26,62400,0.05,30,PE,NFO-OPT,NFO
17362178,67821,BANKNIFTY26APR62300CE,BANKNIFTY,0,28/04/26,62300,0.05,30,CE,NFO-OPT,NFO
17362434,67822,BANKNIFTY26APR62300PE,BANKNIFTY,0,28/04/26,62300,0.05,30,PE,NFO-OPT,NFO
17361666,67819,BANKNIFTY26APR62200CE,BANKNIFTY,0,28/04/26,62200,0.05,30,CE,NFO-OPT,NFO
17361922,67820,BANKNIFTY26APR62200PE,BANKNIFTY,0,28/04/26,62200,0.05,30,PE,NFO-OPT,NFO
17360898,67816,BANKNIFTY26APR62100CE,BANKNIFTY,0,28/04/26,62100,0.05,30,CE,NFO-OPT,NFO
17361410,67818,BANKNIFTY26APR62100PE,BANKNIFTY,0,28/04/26,62100,0.05,30,PE,NFO-OPT,NFO
17356546,67799,BANKNIFTY26APR62000CE,BANKNIFTY,0,28/04/26,62000,0.05,30,CE,NFO-OPT,NFO
17360642,67815,BANKNIFTY26APR62000PE,BANKNIFTY,0,28/04/26,62000,0.05,30,PE,NFO-OPT,NFO
17356034,67797,BANKNIFTY26APR61900CE,BANKNIFTY,0,28/04/26,61900,0.05,30,CE,NFO-OPT,NFO
17356290,67798,BANKNIFTY26APR61900PE,BANKNIFTY,0,28/04/26,61900,0.05,30,PE,NFO-OPT,NFO
17355010,67793,BANKNIFTY26APR61800CE,BANKNIFTY,0,28/04/26,61800,0.05,30,CE,NFO-OPT,NFO
17355778,67796,BANKNIFTY26APR61800PE,BANKNIFTY,0,28/04/26,61800,0.05,30,PE,NFO-OPT,NFO
17354498,67791,BANKNIFTY26APR61700CE,BANKNIFTY,0,28/04/26,61700,0.05,30,CE,NFO-OPT,NFO
17354754,67792,BANKNIFTY26APR61700PE,BANKNIFTY,0,28/04/26,61700,0.05,30,PE,NFO-OPT,NFO
17352706,67784,BANKNIFTY26APR61600CE,BANKNIFTY,0,28/04/26,61600,0.05,30,CE,NFO-OPT,NFO
17353218,67786,BANKNIFTY26APR61600PE,BANKNIFTY,0,28/04/26,61600,0.05,30,PE,NFO-OPT,NFO
17351170,67778,BANKNIFTY26APR61500CE,BANKNIFTY,0,28/04/26,61500,0.05,30,CE,NFO-OPT,NFO
17351682,67780,BANKNIFTY26APR61500PE,BANKNIFTY,0,28/04/26,61500,0.05,30,PE,NFO-OPT,NFO
17349890,67773,BANKNIFTY26APR61400CE,BANKNIFTY,0,28/04/26,61400,0.05,30,CE,NFO-OPT,NFO
17350146,67774,BANKNIFTY26APR61400PE,BANKNIFTY,0,28/04/26,61400,0.05,30,PE,NFO-OPT,NFO
17348866,67769,BANKNIFTY26APR61300CE,BANKNIFTY,0,28/04/26,61300,0.05,30,CE,NFO-OPT,NFO
17349634,67772,BANKNIFTY26APR61300PE,BANKNIFTY,0,28/04/26,61300,0.05,30,PE,NFO-OPT,NFO
17348354,67767,BANKNIFTY26APR61200CE,BANKNIFTY,0,28/04/26,61200,0.05,30,CE,NFO-OPT,NFO
17348610,67768,BANKNIFTY26APR61200PE,BANKNIFTY,0,28/04/26,61200,0.05,30,PE,NFO-OPT,NFO
17347330,67763,BANKNIFTY26APR61100CE,BANKNIFTY,0,28/04/26,61100,0.05,30,CE,NFO-OPT,NFO
17348098,67766,BANKNIFTY26APR61100PE,BANKNIFTY,0,28/04/26,61100,0.05,30,PE,NFO-OPT,NFO
17346818,67761,BANKNIFTY26APR61000CE,BANKNIFTY,0,28/04/26,61000,0.05,30,CE,NFO-OPT,NFO
17347074,67762,BANKNIFTY26APR61000PE,BANKNIFTY,0,28/04/26,61000,0.05,30,PE,NFO-OPT,NFO
17339394,67732,BANKNIFTY26APR60900CE,BANKNIFTY,0,28/04/26,60900,0.05,30,CE,NFO-OPT,NFO
17345538,67756,BANKNIFTY26APR60900PE,BANKNIFTY,0,28/04/26,60900,0.05,30,PE,NFO-OPT,NFO
17338882,67730,BANKNIFTY26APR60800CE,BANKNIFTY,0,28/04/26,60800,0.05,30,CE,NFO-OPT,NFO
17339138,67731,BANKNIFTY26APR60800PE,BANKNIFTY,0,28/04/26,60800,0.05,30,PE,NFO-OPT,NFO
17338370,67728,BANKNIFTY26APR60700CE,BANKNIFTY,0,28/04/26,60700,0.05,30,CE,NFO-OPT,NFO
17338626,67729,BANKNIFTY26APR60700PE,BANKNIFTY,0,28/04/26,60700,0.05,30,PE,NFO-OPT,NFO
17337858,67726,BANKNIFTY26APR60600CE,BANKNIFTY,0,28/04/26,60600,0.05,30,CE,NFO-OPT,NFO
17338114,67727,BANKNIFTY26APR60600PE,BANKNIFTY,0,28/04/26,60600,0.05,30,PE,NFO-OPT,NFO
17337346,67724,BANKNIFTY26APR60500CE,BANKNIFTY,0,28/04/26,60500,0.05,30,CE,NFO-OPT,NFO
17337602,67725,BANKNIFTY26APR60500PE,BANKNIFTY,0,28/04/26,60500,0.05,30,PE,NFO-OPT,NFO
17336834,67722,BANKNIFTY26APR60400CE,BANKNIFTY,0,28/04/26,60400,0.05,30,CE,NFO-OPT,NFO
17337090,67723,BANKNIFTY26APR60400PE,BANKNIFTY,0,28/04/26,60400,0.05,30,PE,NFO-OPT,NFO
17336322,67720,BANKNIFTY26APR60300CE,BANKNIFTY,0,28/04/26,60300,0.05,30,CE,NFO-OPT,NFO
17336578,67721,BANKNIFTY26APR60300PE,BANKNIFTY,0,28/04/26,60300,0.05,30,PE,NFO-OPT,NFO
17335810,67718,BANKNIFTY26APR60200CE,BANKNIFTY,0,28/04/26,60200,0.05,30,CE,NFO-OPT,NFO
17336066,67719,BANKNIFTY26APR60200PE,BANKNIFTY,0,28/04/26,60200,0.05,30,PE,NFO-OPT,NFO
17335298,67716,BANKNIFTY26APR60100CE,BANKNIFTY,0,28/04/26,60100,0.05,30,CE,NFO-OPT,NFO
17335554,67717,BANKNIFTY26APR60100PE,BANKNIFTY,0,28/04/26,60100,0.05,30,PE,NFO-OPT,NFO
17334786,67714,BANKNIFTY26APR60000CE,BANKNIFTY,0,28/04/26,60000,0.05,30,CE,NFO-OPT,NFO
17335042,67715,BANKNIFTY26APR60000PE,BANKNIFTY,0,28/04/26,60000,0.05,30,PE,NFO-OPT,NFO
17334274,67712,BANKNIFTY26APR59900CE,BANKNIFTY,0,28/04/26,59900,0.05,30,CE,NFO-OPT,NFO
17334530,67713,BANKNIFTY26APR59900PE,BANKNIFTY,0,28/04/26,59900,0.05,30,PE,NFO-OPT,NFO
17333762,67710,BANKNIFTY26APR59800CE,BANKNIFTY,0,28/04/26,59800,0.05,30,CE,NFO-OPT,NFO
17334018,67711,BANKNIFTY26APR59800PE,BANKNIFTY,0,28/04/26,59800,0.05,30,PE,NFO-OPT,NFO
17333250,67708,BANKNIFTY26APR59700CE,BANKNIFTY,0,28/04/26,59700,0.05,30,CE,NFO-OPT,NFO
17333506,67709,BANKNIFTY26APR59700PE,BANKNIFTY,0,28/04/26,59700,0.05,30,PE,NFO-OPT,NFO
17332738,67706,BANKNIFTY26APR59600CE,BANKNIFTY,0,28/04/26,59600,0.05,30,CE,NFO-OPT,NFO
17332994,67707,BANKNIFTY26APR59600PE,BANKNIFTY,0,28/04/26,59600,0.05,30,PE,NFO-OPT,NFO
17332226,67704,BANKNIFTY26APR59500CE,BANKNIFTY,0,28/04/26,59500,0.05,30,CE,NFO-OPT,NFO
17332482,67705,BANKNIFTY26APR59500PE,BANKNIFTY,0,28/04/26,59500,0.05,30,PE,NFO-OPT,NFO
17331714,67702,BANKNIFTY26APR59400CE,BANKNIFTY,0,28/04/26,59400,0.05,30,CE,NFO-OPT,NFO
17331970,67703,BANKNIFTY26APR59400PE,BANKNIFTY,0,28/04/26,59400,0.05,30,PE,NFO-OPT,NFO
17331202,67700,BANKNIFTY26APR59300CE,BANKNIFTY,0,28/04/26,59300,0.05,30,CE,NFO-OPT,NFO
17331458,67701,BANKNIFTY26APR59300PE,BANKNIFTY,0,28/04/26,59300,0.05,30,PE,NFO-OPT,NFO
17330690,67698,BANKNIFTY26APR59200CE,BANKNIFTY,0,28/04/26,59200,0.05,30,CE,NFO-OPT,NFO
17330946,67699,BANKNIFTY26APR59200PE,BANKNIFTY,0,28/04/26,59200,0.05,30,PE,NFO-OPT,NFO
17330178,67696,BANKNIFTY26APR59100CE,BANKNIFTY,0,28/04/26,59100,0.05,30,CE,NFO-OPT,NFO
17330434,67697,BANKNIFTY26APR59100PE,BANKNIFTY,0,28/04/26,59100,0.05,30,PE,NFO-OPT,NFO
17329666,67694,BANKNIFTY26APR59000CE,BANKNIFTY,0,28/04/26,59000,0.05,30,CE,NFO-OPT,NFO
17329922,67695,BANKNIFTY26APR59000PE,BANKNIFTY,0,28/04/26,59000,0.05,30,PE,NFO-OPT,NFO
17327874,67687,BANKNIFTY26APR58900CE,BANKNIFTY,0,28/04/26,58900,0.05,30,CE,NFO-OPT,NFO
17328130,67688,BANKNIFTY26APR58900PE,BANKNIFTY,0,28/04/26,58900,0.05,30,PE,NFO-OPT,NFO
17315586,67639,BANKNIFTY26APR58800CE,BANKNIFTY,0,28/04/26,58800,0.05,30,CE,NFO-OPT,NFO
17327618,67686,BANKNIFTY26APR58800PE,BANKNIFTY,0,28/04/26,58800,0.05,30,PE,NFO-OPT,NFO
17315074,67637,BANKNIFTY26APR58700CE,BANKNIFTY,0,28/04/26,58700,0.05,30,CE,NFO-OPT,NFO
17315330,67638,BANKNIFTY26APR58700PE,BANKNIFTY,0,28/04/26,58700,0.05,30,PE,NFO-OPT,NFO
17314562,67635,BANKNIFTY26APR58600CE,BANKNIFTY,0,28/04/26,58600,0.05,30,CE,NFO-OPT,NFO
17314818,67636,BANKNIFTY26APR58600PE,BANKNIFTY,0,28/04/26,58600,0.05,30,PE,NFO-OPT,NFO
17314050,67633,BANKNIFTY26APR58500CE,BANKNIFTY,0,28/04/26,58500,0.05,30,CE,NFO-OPT,NFO
17314306,67634,BANKNIFTY26APR58500PE,BANKNIFTY,0,28/04/26,58500,0.05,30,PE,NFO-OPT,NFO
17313538,67631,BANKNIFTY26APR58400CE,BANKNIFTY,0,28/04/26,58400,0.05,30,CE,NFO-OPT,NFO
17313794,67632,BANKNIFTY26APR58400PE,BANKNIFTY,0,28/04/26,58400,0.05,30,PE,NFO-OPT,NFO
17313026,67629,BANKNIFTY26APR58300CE,BANKNIFTY,0,28/04/26,58300,0.05,30,CE,NFO-OPT,NFO
17313282,67630,BANKNIFTY26APR58300PE,BANKNIFTY,0,28/04/26,58300,0.05,30,PE,NFO-OPT,NFO
17312514,67627,BANKNIFTY26APR58200CE,BANKNIFTY,0,28/04/26,58200,0.05,30,CE,NFO-OPT,NFO
17312770,67628,BANKNIFTY26APR58200PE,BANKNIFTY,0,28/04/26,58200,0.05,30,PE,NFO-OPT,NFO
17311746,67624,BANKNIFTY26APR58100CE,BANKNIFTY,0,28/04/26,58100,0.05,30,CE,NFO-OPT,NFO
17312258,67626,BANKNIFTY26APR58100PE,BANKNIFTY,0,28/04/26,58100,0.05,30,PE,NFO-OPT,NFO
17308418,67611,BANKNIFTY26APR58000CE,BANKNIFTY,0,28/04/26,58000,0.05,30,CE,NFO-OPT,NFO
17308674,67612,BANKNIFTY26APR58000PE,BANKNIFTY,0,28/04/26,58000,0.05,30,PE,NFO-OPT,NFO
17306626,67604,BANKNIFTY26APR57900CE,BANKNIFTY,0,28/04/26,57900,0.05,30,CE,NFO-OPT,NFO
17306882,67605,BANKNIFTY26APR57900PE,BANKNIFTY,0,28/04/26,57900,0.05,30,PE,NFO-OPT,NFO
17305602,67600,BANKNIFTY26APR57800CE,BANKNIFTY,0,28/04/26,57800,0.05,30,CE,NFO-OPT,NFO
17305858,67601,BANKNIFTY26APR57800PE,BANKNIFTY,0,28/04/26,57800,0.05,30,PE,NFO-OPT,NFO
17295874,67562,BANKNIFTY26APR57700CE,BANKNIFTY,0,28/04/26,57700,0.05,30,CE,NFO-OPT,NFO
17296130,67563,BANKNIFTY26APR57700PE,BANKNIFTY,0,28/04/26,57700,0.05,30,PE,NFO-OPT,NFO
17295362,67560,BANKNIFTY26APR57600CE,BANKNIFTY,0,28/04/26,57600,0.05,30,CE,NFO-OPT,NFO
17295618,67561,BANKNIFTY26APR57600PE,BANKNIFTY,0,28/04/26,57600,0.05,30,PE,NFO-OPT,NFO
17294850,67558,BANKNIFTY26APR57500CE,BANKNIFTY,0,28/04/26,57500,0.05,30,CE,NFO-OPT,NFO
17295106,67559,BANKNIFTY26APR57500PE,BANKNIFTY,0,28/04/26,57500,0.05,30,PE,NFO-OPT,NFO
17294338,67556,BANKNIFTY26APR57400CE,BANKNIFTY,0,28/04/26,57400,0.05,30,CE,NFO-OPT,NFO
17294594,67557,BANKNIFTY26APR57400PE,BANKNIFTY,0,28/04/26,57400,0.05,30,PE,NFO-OPT,NFO
17293826,67554,BANKNIFTY26APR57300CE,BANKNIFTY,0,28/04/26,57300,0.05,30,CE,NFO-OPT,NFO
17294082,67555,BANKNIFTY26APR57300PE,BANKNIFTY,0,28/04/26,57300,0.05,30,PE,NFO-OPT,NFO
17293314,67552,BANKNIFTY26APR57200CE,BANKNIFTY,0,28/04/26,57200,0.05,30,CE,NFO-OPT,NFO
17293570,67553,BANKNIFTY26APR57200PE,BANKNIFTY,0,28/04/26,57200,0.05,30,PE,NFO-OPT,NFO
17292802,67550,BANKNIFTY26APR57100CE,BANKNIFTY,0,28/04/26,57100,0.05,30,CE,NFO-OPT,NFO
17293058,67551,BANKNIFTY26APR57100PE,BANKNIFTY,0,28/04/26,57100,0.05,30,PE,NFO-OPT,NFO
17292290,67548,BANKNIFTY26APR57000CE,BANKNIFTY,0,28/04/26,57000,0.05,30,CE,NFO-OPT,NFO
17292546,67549,BANKNIFTY26APR57000PE,BANKNIFTY,0,28/04/26,57000,0.05,30,PE,NFO-OPT,NFO
17291778,67546,BANKNIFTY26APR56900CE,BANKNIFTY,0,28/04/26,56900,0.05,30,CE,NFO-OPT,NFO
17292034,67547,BANKNIFTY26APR56900PE,BANKNIFTY,0,28/04/26,56900,0.05,30,PE,NFO-OPT,NFO
17291266,67544,BANKNIFTY26APR56800CE,BANKNIFTY,0,28/04/26,56800,0.05,30,CE,NFO-OPT,NFO
17291522,67545,BANKNIFTY26APR56800PE,BANKNIFTY,0,28/04/26,56800,0.05,30,PE,NFO-OPT,NFO
17290754,67542,BANKNIFTY26APR56700CE,BANKNIFTY,0,28/04/26,56700,0.05,30,CE,NFO-OPT,NFO
17291010,67543,BANKNIFTY26APR56700PE,BANKNIFTY,0,28/04/26,56700,0.05,30,PE,NFO-OPT,NFO
17290242,67540,BANKNIFTY26APR56600CE,BANKNIFTY,0,28/04/26,56600,0.05,30,CE,NFO-OPT,NFO
17290498,67541,BANKNIFTY26APR56600PE,BANKNIFTY,0,28/04/26,56600,0.05,30,PE,NFO-OPT,NFO
17289730,67538,BANKNIFTY26APR56500CE,BANKNIFTY,0,28/04/26,56500,0.05,30,CE,NFO-OPT,NFO
17289986,67539,BANKNIFTY26APR56500PE,BANKNIFTY,0,28/04/26,56500,0.05,30,PE,NFO-OPT,NFO
17289218,67536,BANKNIFTY26APR56400CE,BANKNIFTY,0,28/04/26,56400,0.05,30,CE,NFO-OPT,NFO
17289474,67537,BANKNIFTY26APR56400PE,BANKNIFTY,0,28/04/26,56400,0.05,30,PE,NFO-OPT,NFO
17288706,67534,BANKNIFTY26APR56300CE,BANKNIFTY,0,28/04/26,56300,0.05,30,CE,NFO-OPT,NFO
17288962,67535,BANKNIFTY26APR56300PE,BANKNIFTY,0,28/04/26,56300,0.05,30,PE,NFO-OPT,NFO
17288194,67532,BANKNIFTY26APR56200CE,BANKNIFTY,0,28/04/26,56200,0.05,30,CE,NFO-OPT,NFO
17288450,67533,BANKNIFTY26APR56200PE,BANKNIFTY,0,28/04/26,56200,0.05,30,PE,NFO-OPT,NFO
17287682,67530,BANKNIFTY26APR56100CE,BANKNIFTY,0,28/04/26,56100,0.05,30,CE,NFO-OPT,NFO
17287938,67531,BANKNIFTY26APR56100PE,BANKNIFTY,0,28/04/26,56100,0.05,30,PE,NFO-OPT,NFO
17287170,67528,BANKNIFTY26APR56000CE,BANKNIFTY,0,28/04/26,56000,0.05,30,CE,NFO-OPT,NFO
17287426,67529,BANKNIFTY26APR56000PE,BANKNIFTY,0,28/04/26,56000,0.05,30,PE,NFO-OPT,NFO
17286658,67526,BANKNIFTY26APR55900CE,BANKNIFTY,0,28/04/26,55900,0.05,30,CE,NFO-OPT,NFO
17286914,67527,BANKNIFTY26APR55900PE,BANKNIFTY,0,28/04/26,55900,0.05,30,PE,NFO-OPT,NFO
17286146,67524,BANKNIFTY26APR55800CE,BANKNIFTY,0,28/04/26,55800,0.05,30,CE,NFO-OPT,NFO
17286402,67525,BANKNIFTY26APR55800PE,BANKNIFTY,0,28/04/26,55800,0.05,30,PE,NFO-OPT,NFO
17285634,67522,BANKNIFTY26APR55700CE,BANKNIFTY,0,28/04/26,55700,0.05,30,CE,NFO-OPT,NFO
17285890,67523,BANKNIFTY26APR55700PE,BANKNIFTY,0,28/04/26,55700,0.05,30,PE,NFO-OPT,NFO
17285122,67520,BANKNIFTY26APR55600CE,BANKNIFTY,0,28/04/26,55600,0.05,30,CE,NFO-OPT,NFO
17285378,67521,BANKNIFTY26APR55600PE,BANKNIFTY,0,28/04/26,55600,0.05,30,PE,NFO-OPT,NFO
17284098,67516,BANKNIFTY26APR55500CE,BANKNIFTY,0,28/04/26,55500,0.05,30,CE,NFO-OPT,NFO
17284866,67519,BANKNIFTY26APR55500PE,BANKNIFTY,0,28/04/26,55500,0.05,30,PE,NFO-OPT,NFO
17283586,67514,BANKNIFTY26APR55400CE,BANKNIFTY,0,28/04/26,55400,0.05,30,CE,NFO-OPT,NFO
17283842,67515,BANKNIFTY26APR55400PE,BANKNIFTY,0,28/04/26,55400,0.05,30,PE,NFO-OPT,NFO
17283074,67512,BANKNIFTY26APR55300CE,BANKNIFTY,0,28/04/26,55300,0.05,30,CE,NFO-OPT,NFO
17283330,67513,BANKNIFTY26APR55300PE,BANKNIFTY,0,28/04/26,55300,0.05,30,PE,NFO-OPT,NFO
17282562,67510,BANKNIFTY26APR55200CE,BANKNIFTY,0,28/04/26,55200,0.05,30,CE,NFO-OPT,NFO
17282818,67511,BANKNIFTY26APR55200PE,BANKNIFTY,0,28/04/26,55200,0.05,30,PE,NFO-OPT,NFO
17279490,67498,BANKNIFTY26APR55100CE,BANKNIFTY,0,28/04/26,55100,0.05,30,CE,NFO-OPT,NFO
17279746,67499,BANKNIFTY26APR55100PE,BANKNIFTY,0,28/04/26,55100,0.05,30,PE,NFO-OPT,NFO
17278978,67496,BANKNIFTY26APR55000CE,BANKNIFTY,0,28/04/26,55000,0.05,30,CE,NFO-OPT,NFO
17279234,67497,BANKNIFTY26APR55000PE,BANKNIFTY,0,28/04/26,55000,0.05,30,PE,NFO-OPT,NFO
17278466,67494,BANKNIFTY26APR54900CE,BANKNIFTY,0,28/04/26,54900,0.05,30,CE,NFO-OPT,NFO
17278722,67495,BANKNIFTY26APR54900PE,BANKNIFTY,0,28/04/26,54900,0.05,30,PE,NFO-OPT,NFO
17277954,67492,BANKNIFTY26APR54800CE,BANKNIFTY,0,28/04/26,54800,0.05,30,CE,NFO-OPT,NFO
17278210,67493,BANKNIFTY26APR54800PE,BANKNIFTY,0,28/04/26,54800,0.05,30,PE,NFO-OPT,NFO
17277442,67490,BANKNIFTY26APR54700CE,BANKNIFTY,0,28/04/26,54700,0.05,30,CE,NFO-OPT,NFO
17277698,67491,BANKNIFTY26APR54700PE,BANKNIFTY,0,28/04/26,54700,0.05,30,PE,NFO-OPT,NFO
17276930,67488,BANKNIFTY26APR54600CE,BANKNIFTY,0,28/04/26,54600,0.05,30,CE,NFO-OPT,NFO
17277186,67489,BANKNIFTY26APR54600PE,BANKNIFTY,0,28/04/26,54600,0.05,30,PE,NFO-OPT,NFO
17276418,67486,BANKNIFTY26APR54500CE,BANKNIFTY,0,28/04/26,54500,0.05,30,CE,NFO-OPT,NFO
17276674,67487,BANKNIFTY26APR54500PE,BANKNIFTY,0,28/04/26,54500,0.05,30,PE,NFO-OPT,NFO
17275906,67484,BANKNIFTY26APR54400CE,BANKNIFTY,0,28/04/26,54400,0.05,30,CE,NFO-OPT,NFO
17276162,67485,BANKNIFTY26APR54400PE,BANKNIFTY,0,28/04/26,54400,0.05,30,PE,NFO-OPT,NFO
17274882,67480,BANKNIFTY26APR54300CE,BANKNIFTY,0,28/04/26,54300,0.05,30,CE,NFO-OPT,NFO
17266690,67448,BANKNIFTY26APR52700CE,BANKNIFTY,0,28/04/26,52700,0.05,30,CE,NFO-OPT,NFO
17266946,67449,BANKNIFTY26APR52700PE,BANKNIFTY,0,28/04/26,52700,0.05,30,PE,NFO-OPT,NFO
17266178,67446,BANKNIFTY26APR52600CE,BANKNIFTY,0,28/04/26,52600,0.05,30,CE,NFO-OPT,NFO
17266434,67447,BANKNIFTY26APR52600PE,BANKNIFTY,0,28/04/26,52600,0.05,30,PE,NFO-OPT,NFO
17265666,67444,BANKNIFTY26APR52500CE,BANKNIFTY,0,28/04/26,52500,0.05,30,CE,NFO-OPT,NFO
17265922,67445,BANKNIFTY26APR52500PE,BANKNIFTY,0,28/04/26,52500,0.05,30,PE,NFO-OPT,NFO
17265154,67442,BANKNIFTY26APR52400CE,BANKNIFTY,0,28/04/26,52400,0.05,30,CE,NFO-OPT,NFO
17265410,67443,BANKNIFTY26APR52400PE,BANKNIFTY,0,28/04/26,52400,0.05,30,PE,NFO-OPT,NFO
17264642,67440,BANKNIFTY26APR52300CE,BANKNIFTY,0,28/04/26,52300,0.05,30,CE,NFO-OPT,NFO
17264898,67441,BANKNIFTY26APR52300PE,BANKNIFTY,0,28/04/26,52300,0.05,30,PE,NFO-OPT,NFO
17264130,67438,BANKNIFTY26APR52200CE,BANKNIFTY,0,28/04/26,52200,0.05,30,CE,NFO-OPT,NFO
17264386,67439,BANKNIFTY26APR52200PE,BANKNIFTY,0,28/04/26,52200,0.05,30,PE,NFO-OPT,NFO
17263618,67436,BANKNIFTY26APR52100CE,BANKNIFTY,0,28/04/26,52100,0.05,30,CE,NFO-OPT,NFO
17263874,67437,BANKNIFTY26APR52100PE,BANKNIFTY,0,28/04/26,52100,0.05,30,PE,NFO-OPT,NFO
17263106,67434,BANKNIFTY26APR52000CE,BANKNIFTY,0,28/04/26,52000,0.05,30,CE,NFO-OPT,NFO
17263362,67435,BANKNIFTY26APR52000PE,BANKNIFTY,0,28/04/26,52000,0.05,30,PE,NFO-OPT,NFO
17262594,67432,BANKNIFTY26APR51900CE,BANKNIFTY,0,28/04/26,51900,0.05,30,CE,NFO-OPT,NFO
17262850,67433,BANKNIFTY26APR51900PE,BANKNIFTY,0,28/04/26,51900,0.05,30,PE,NFO-OPT,NFO
17262082,67430,BANKNIFTY26APR51800CE,BANKNIFTY,0,28/04/26,51800,0.05,30,CE,NFO-OPT,NFO
17262338,67431,BANKNIFTY26APR51800PE,BANKNIFTY,0,28/04/26,51800,0.05,30,PE,NFO-OPT,NFO
17261570,67428,BANKNIFTY26APR51700CE,BANKNIFTY,0,28/04/26,51700,0.05,30,CE,NFO-OPT,NFO
17261826,67429,BANKNIFTY26APR51700PE,BANKNIFTY,0,28/04/26,51700,0.05,30,PE,NFO-OPT,NFO
17261058,67426,BANKNIFTY26APR51600CE,BANKNIFTY,0,28/04/26,51600,0.05,30,CE,NFO-OPT,NFO
17261314,67427,BANKNIFTY26APR51600PE,BANKNIFTY,0,28/04/26,51600,0.05,30,PE,NFO-OPT,NFO
17260546,67424,BANKNIFTY26APR51500CE,BANKNIFTY,0,28/04/26,51500,0.05,30,CE,NFO-OPT,NFO
17260802,67425,BANKNIFTY26APR51500PE,BANKNIFTY,0,28/04/26,51500,0.05,30,PE,NFO-OPT,NFO
17260034,67422,BANKNIFTY26APR51400CE,BANKNIFTY,0,28/04/26,51400,0.05,30,CE,NFO-OPT,NFO
17260290,67423,BANKNIFTY26APR51400PE,BANKNIFTY,0,28/04/26,51400,0.05,30,PE,NFO-OPT,NFO
17259522,67420,BANKNIFTY26APR51300CE,BANKNIFTY,0,28/04/26,51300,0.05,30,CE,NFO-OPT,NFO
17259778,67421,BANKNIFTY26APR51300PE,BANKNIFTY,0,28/04/26,51300,0.05,30,PE,NFO-OPT,NFO
17259010,67418,BANKNIFTY26APR51200CE,BANKNIFTY,0,28/04/26,51200,0.05,30,CE,NFO-OPT,NFO
17259266,67419,BANKNIFTY26APR51200PE,BANKNIFTY,0,28/04/26,51200,0.05,30,PE,NFO-OPT,NFO
17258498,67416,BANKNIFTY26APR51100CE,BANKNIFTY,0,28/04/26,51100,0.05,30,CE,NFO-OPT,NFO
17258754,67417,BANKNIFTY26APR51100PE,BANKNIFTY,0,28/04/26,51100,0.05,30,PE,NFO-OPT,NFO
17257986,67414,BANKNIFTY26APR51000CE,BANKNIFTY,0,28/04/26,51000,0.05,30,CE,NFO-OPT,NFO
17258242,67415,BANKNIFTY26APR51000PE,BANKNIFTY,0,28/04/26,51000,0.05,30,PE,NFO-OPT,NFO
17257474,67412,BANKNIFTY26APR50900CE,BANKNIFTY,0,28/04/26,50900,0.05,30,CE,NFO-OPT,NFO
17257730,67413,BANKNIFTY26APR50900PE,BANKNIFTY,0,28/04/26,50900,0.05,30,PE,NFO-OPT,NFO
17256962,67410,BANKNIFTY26APR50800CE,BANKNIFTY,0,28/04/26,50800,0.05,30,CE,NFO-OPT,NFO
17257218,67411,BANKNIFTY26APR50800PE,BANKNIFTY,0,28/04/26,50800,0.05,30,PE,NFO-OPT,NFO
17256450,67408,BANKNIFTY26APR50700CE,BANKNIFTY,0,28/04/26,50700,0.05,30,CE,NFO-OPT,NFO
17256706,67409,BANKNIFTY26APR50700PE,BANKNIFTY,0,28/04/26,50700,0.05,30,PE,NFO-OPT,NFO
17255938,67406,BANKNIFTY26APR50600CE,BANKNIFTY,0,28/04/26,50600,0.05,30,CE,NFO-OPT,NFO
17256194,67407,BANKNIFTY26APR50600PE,BANKNIFTY,0,28/04/26,50600,0.05,30,PE,NFO-OPT,NFO
17255426,67404,BANKNIFTY26APR50500CE,BANKNIFTY,0,28/04/26,50500,0.05,30,CE,NFO-OPT,NFO
17255682,67405,BANKNIFTY26APR50500PE,BANKNIFTY,0,28/04/26,50500,0.05,30,PE,NFO-OPT,NFO
17254914,67402,BANKNIFTY26APR50400CE,BANKNIFTY,0,28/04/26,50400,0.05,30,CE,NFO-OPT,NFO
17255170,67403,BANKNIFTY26APR50400PE,BANKNIFTY,0,28/04/26,50400,0.05,30,PE,NFO-OPT,NFO
17254402,67400,BANKNIFTY26APR50300CE,BANKNIFTY,0,28/04/26,50300,0.05,30,CE,NFO-OPT,NFO
17254658,67401,BANKNIFTY26APR50300PE,BANKNIFTY,0,28/04/26,50300,0.05,30,PE,NFO-OPT,NFO
17253890,67398,BANKNIFTY26APR50200CE,BANKNIFTY,0,28/04/26,50200,0.05,30,CE,NFO-OPT,NFO
17254146,67399,BANKNIFTY26APR50200PE,BANKNIFTY,0,28/04/26,50200,0.05,30,PE,NFO-OPT,NFO
17252866,67394,BANKNIFTY26APR50100CE,BANKNIFTY,0,28/04/26,50100,0.05,30,CE,NFO-OPT,NFO
17253122,67395,BANKNIFTY26APR50100PE,BANKNIFTY,0,28/04/26,50100,0.05,30,PE,NFO-OPT,NFO
17252354,67392,BANKNIFTY26APR50000CE,BANKNIFTY,0,28/04/26,50000,0.05,30,CE,NFO-OPT,NFO
17252610,67393,BANKNIFTY26APR50000PE,BANKNIFTY,0,28/04/26,50000,0.05,30,PE,NFO-OPT,NFO
17251330,67388,BANKNIFTY26APR49900CE,BANKNIFTY,0,28/04/26,49900,0.05,30,CE,NFO-OPT,NFO
17251586,67389,BANKNIFTY26APR49900PE,BANKNIFTY,0,28/04/26,49900,0.05,30,PE,NFO-OPT,NFO
17250306,67384,BANKNIFTY26APR49800CE,BANKNIFTY,0,28/04/26,49800,0.05,30,CE,NFO-OPT,NFO
17250562,67385,BANKNIFTY26APR49800PE,BANKNIFTY,0,28/04/26,49800,0.05,30,PE,NFO-OPT,NFO
17249794,67382,BANKNIFTY26APR49700CE,BANKNIFTY,0,28/04/26,49700,0.05,30,CE,NFO-OPT,NFO
17250050,67383,BANKNIFTY26APR49700PE,BANKNIFTY,0,28/04/26,49700,0.05,30,PE,NFO-OPT,NFO
17248770,67378,BANKNIFTY26APR49600CE,BANKNIFTY,0,28/04/26,49600,0.05,30,CE,NFO-OPT,NFO
17249026,67379,BANKNIFTY26APR49600PE,BANKNIFTY,0,28/04/26,49600,0.05,30,PE,NFO-OPT,NFO
17239554,67342,BANKNIFTY26APR49500CE,BANKNIFTY,0,28/04/26,49500,0.05,30,CE,NFO-OPT,NFO
17247490,67373,BANKNIFTY26APR49500PE,BANKNIFTY,0,28/04/26,49500,0.05,30,PE,NFO-OPT,NFO
17239042,67340,BANKNIFTY26APR49400CE,BANKNIFTY,0,28/04/26,49400,0.05,30,CE,NFO-OPT,NFO
17239298,67341,BANKNIFTY26APR49400PE,BANKNIFTY,0,28/04/26,49400,0.05,30,PE,NFO-OPT,NFO
17238018,67336,BANKNIFTY26APR49300CE,BANKNIFTY,0,28/04/26,49300,0.05,30,CE,NFO-OPT,NFO
17238786,67339,BANKNIFTY26APR49300PE,BANKNIFTY,0,28/04/26,49300,0.05,30,PE,NFO-OPT,NFO
17237506,67334,BANKNIFTY26APR49200CE,BANKNIFTY,0,28/04/26,49200,0.05,30,CE,NFO-OPT,NFO
17237762,67335,BANKNIFTY26APR49200PE,BANKNIFTY,0,28/04/26,49200,0.05,30,PE,NFO-OPT,NFO
17234946,67324,BANKNIFTY26APR49100CE,BANKNIFTY,0,28/04/26,49100,0.05,30,CE,NFO-OPT,NFO
17236738,67331,BANKNIFTY26APR49100PE,BANKNIFTY,0,28/04/26,49100,0.05,30,PE,NFO-OPT,NFO
17233410,67318,BANKNIFTY26APR49000CE,BANKNIFTY,0,28/04/26,49000,0.05,30,CE,NFO-OPT,NFO
17234178,67321,BANKNIFTY26APR49000PE,BANKNIFTY,0,28/04/26,49000,0.05,30,PE,NFO-OPT,NFO
17232898,67316,BANKNIFTY26APR48900CE,BANKNIFTY,0,28/04/26,48900,0.05,30,CE,NFO-OPT,NFO
17233154,67317,BANKNIFTY26APR48900PE,BANKNIFTY,0,28/04/26,48900,0.05,30,PE,NFO-OPT,NFO
17232130,67313,BANKNIFTY26APR48800CE,BANKNIFTY,0,28/04/26,48800,0.05,30,CE,NFO-OPT,NFO
17232386,67314,BANKNIFTY26APR48800PE,BANKNIFTY,0,28/04/26,48800,0.05,30,PE,NFO-OPT,NFO
17231106,67309,BANKNIFTY26APR48700CE,BANKNIFTY,0,28/04/26,48700,0.05,30,CE,NFO-OPT,NFO
17231362,67310,BANKNIFTY26APR48700PE,BANKNIFTY,0,28/04/26,48700,0.05,30,PE,NFO-OPT,NFO
17230594,67307,BANKNIFTY26APR48600CE,BANKNIFTY,0,28/04/26,48600,0.05,30,CE,NFO-OPT,NFO
17230850,67308,BANKNIFTY26APR48600PE,BANKNIFTY,0,28/04/26,48600,0.05,30,PE,NFO-OPT,NFO
17230082,67305,BANKNIFTY26APR48500CE,BANKNIFTY,0,28/04/26,48500,0.05,30,CE,NFO-OPT,NFO
17230338,67306,BANKNIFTY26APR48500PE,BANKNIFTY,0,28/04/26,48500,0.05,30,PE,NFO-OPT,NFO
17229570,67303,BANKNIFTY26APR48400CE,BANKNIFTY,0,28/04/26,48400,0.05,30,CE,NFO-OPT,NFO
17229826,67304,BANKNIFTY26APR48400PE,BANKNIFTY,0,28/04/26,48400,0.05,30,PE,NFO-OPT,NFO
17229058,67301,BANKNIFTY26APR48300CE,BANKNIFTY,0,28/04/26,48300,0.05,30,CE,NFO-OPT,NFO
17229314,67302,BANKNIFTY26APR48300PE,BANKNIFTY,0,28/04/26,48300,0.05,30,PE,NFO-OPT,NFO
17228290,67298,BANKNIFTY26APR48200CE,BANKNIFTY,0,28/04/26,48200,0.05,30,CE,NFO-OPT,NFO
17228802,67300,BANKNIFTY26APR48200PE,BANKNIFTY,0,28/04/26,48200,0.05,30,PE,NFO-OPT,NFO
17222658,67276,BANKNIFTY26APR48100CE,BANKNIFTY,0,28/04/26,48100,0.05,30,CE,NFO-OPT,NFO
17222914,67277,BANKNIFTY26APR48100PE,BANKNIFTY,0,28/04/26,48100,0.05,30,PE,NFO-OPT,NFO
17222146,67274,BANKNIFTY26APR48000CE,BANKNIFTY,0,28/04/26,48000,0.05,30,CE,NFO-OPT,NFO
17222402,67275,BANKNIFTY26APR48000PE,BANKNIFTY,0,28/04/26,48000,0.05,30,PE,NFO-OPT,NFO
17216258,67251,BANKNIFTY26APR47500CE,BANKNIFTY,0,28/04/26,47500,0.05,30,CE,NFO-OPT,NFO
17216770,67253,BANKNIFTY26APR47500PE,BANKNIFTY,0,28/04/26,47500,0.05,30,PE,NFO-OPT,NFO
17213186,67239,BANKNIFTY26APR47000CE,BANKNIFTY,0,28/04/26,47000,0.05,30,CE,NFO-OPT,NFO
17213442,67240,BANKNIFTY26APR47000PE,BANKNIFTY,0,28/04/26,47000,0.05,30,PE,NFO-OPT,NFO
17210626,67229,BANKNIFTY26APR46500CE,BANKNIFTY,0,28/04/26,46500,0.05,30,CE,NFO-OPT,NFO
17210882,67230,BANKNIFTY26APR46500PE,BANKNIFTY,0,28/04/26,46500,0.05,30,PE,NFO-OPT,NFO
17204994,67207,BANKNIFTY26APR46000CE,BANKNIFTY,0,28/04/26,46000,0.05,30,CE,NFO-OPT,NFO
17205250,67208,BANKNIFTY26APR46000PE,BANKNIFTY,0,28/04/26,46000,0.05,30,PE,NFO-OPT,NFO
125129991,488789,ALUMINI26APRFUT,ALUMINI,0,30/04/26,0,0.05,1000,FUT,MCX-FUT,MCX
125130247,488790,ALUMINIUM26APRFUT,ALUMINIUM,0,30/04/26,0,0.05,5000,FUT,MCX-FUT,MCX
125130503,488791,COPPER26APRFUT,COPPER,0,30/04/26,0,0.05,2500,FUT,MCX-FUT,MCX
125130759,488792,LEAD26APRFUT,LEAD,0,30/04/26,0,0.05,5000,FUT,MCX-FUT,MCX
125131015,488793,LEADMINI26APRFUT,LEADMINI,0,30/04/26,0,0.05,1000,FUT,MCX-FUT,MCX
117128455,457533,SILVERM26APRFUT,SILVERM,0,30/04/26,0,1,5,FUT,MCX-FUT,MCX
119303431,466029,SILVERMIC26APRFUT,SILVERMIC,0,30/04/26,0,1,1,FUT,MCX-FUT,MCX
125131271,488794,ZINC26APRFUT,ZINC,0,30/04/26,0,0.05,5000,FUT,MCX-FUT,MCX
125131527,488795,ZINCMINI26APRFUT,ZINCMINI,0,30/04/26,0,0.05,1000,FUT,MCX-FUT,MCX
116433415,454818,GOLD26APRFUT,GOLD,0,02/04/26,0,1,100,FUT,MCX-FUT,MCX
122343431,477904,GOLDM26APRFUT,GOLDM,0,02/04/26,0,1,10,FUT,MCX-FUT,MCX
124544519,486502,CRUDEOIL26APRFUT,CRUDEOIL,0,20/04/26,0,1,100,FUT,MCX-FUT,MCX
124544775,486503,CRUDEOILM26APRFUT,CRUDEOILM,0,20/04/26,0,1,10,FUT,MCX-FUT,MCX
124791303,487466,NATGASMINI26APRFUT,NATGASMINI,0,27/04/26,0,0.1,250,FUT,MCX-FUT,MCX
124791047,487465,NATURALGAS26APRFUT,NATURALGAS,0,27/04/26,0,0.1,1250,FUT,MCX-FUT,MCX
117128199,457532,SILVER26MAYFUT,SILVER,0,05/05/26,0,1,30,FUT,MCX-FUT,MCX